都道府県,学校名
北海道,北海道札幌西高等学校
北海道,北海道札幌南高等学校
北海道,市立札幌旭丘高等学校
北海道,市立札幌大通高等学校
北海道,北海道札幌北高等学校
北海道,北海道札幌工業高等学校
北海道,北海道札幌北陵高等学校
北海道,北海道札幌英藍高等学校
北海道,北海道札幌国際情報高等学校
北海道,北海道有朋高等学校
北海道,市立札幌新川高等学校
北海道,北海道札幌丘珠高等学校
北海道,北海道札幌東陵高等学校
北海道,北海道札幌東豊高等学校
北海道,北海道札幌東高等学校
北海道,北海道札幌白石高等学校
北海道,北海道札幌白陵高等学校
北海道,北海道札幌月寒高等学校
北海道,市立札幌平岸高等学校
北海道,北海道札幌南陵高等学校
北海道,市立札幌啓北商業高等学校
北海道,市立札幌藻岩高等学校
北海道,北海道札幌西陵高等学校
北海道,北海道札幌琴似工業高等学校
北海道,北海道札幌啓成高等学校
北海道,北海道札幌東商業高等学校
北海道,北海道札幌厚別高等学校
北海道,北海道札幌手稲高等学校
北海道,北海道札幌あすかぜ高等学校
北海道,北海道札幌稲雲高等学校
北海道,北海道札幌真栄高等学校
北海道,北海道札幌平岡高等学校
北海道,市立札幌清田高等学校
北海道,北海道函館中部高等学校
北海道,北海道函館西高等学校
北海道,北海道函館商業高等学校
北海道,北海道函館工業高等学校
北海道,北海道南茅部高等学校
北海道,北海道函館稜北高等学校
北海道,市立函館高等学校
北海道,北海道小樽潮陵高等学校
北海道,北海道小樽桜陽高等学校
北海道,北海道小樽未来創造高等学校
北海道,北海道小樽水産高等学校
北海道,北海道旭川東高等学校
北海道,北海道旭川西高等学校
北海道,北海道旭川北高等学校
北海道,北海道旭川商業高等学校
北海道,北海道旭川工業高等学校
北海道,北海道旭川農業高等学校
北海道,北海道旭川南高等学校
北海道,北海道旭川永嶺高等学校
北海道,北海道室蘭栄高等学校
北海道,北海道室蘭清水丘高等学校
北海道,北海道室蘭工業高等学校
北海道,北海道室蘭東翔高等学校
北海道,北海道釧路湖陵高等学校
北海道,北海道釧路江南高等学校
北海道,北海道釧路商業高等学校
北海道,北海道釧路工業高等学校
北海道,北海道阿寒高等学校
北海道,北海道釧路北陽高等学校
北海道,北海道釧路明輝高等学校
北海道,北海道帯広柏葉高等学校
北海道,北海道帯広三条高等学校
北海道,北海道帯広工業高等学校
北海道,北海道帯広農業高等学校
北海道,北海道帯広南商業高等学校
北海道,北海道帯広緑陽高等学校
北海道,北海道北見北斗高等学校
北海道,北海道北見柏陽高等学校
北海道,北海道北見工業高等学校
北海道,北海道留辺蘂高等学校
北海道,北海道常呂高等学校
北海道,北海道北見商業高等学校
北海道,北海道北見緑陵高等学校
北海道,北海道夕張高等学校
北海道,北海道岩見沢東高等学校
北海道,北海道岩見沢西高等学校
北海道,北海道岩見沢農業高等学校
北海道,北海道岩見沢緑陵高等学校
北海道,北海道岩見沢東高等学校
北海道,北海道網走南ケ丘高等学校
北海道,北海道網走桂陽高等学校
北海道,北海道留萌高等学校
北海道,北海道苫小牧東高等学校
北海道,北海道苫小牧西高等学校
北海道,北海道苫小牧工業高等学校
北海道,北海道苫小牧南高等学校
北海道,北海道苫小牧総合経済高等学校
北海道,北海道稚内高等学校
北海道,北海道美唄聖華高等学校
北海道,北海道美唄尚栄高等学校
北海道,北海道芦別高等学校
北海道,北海道江別高等学校
北海道,北海道野幌高等学校
北海道,北海道大麻高等学校
北海道,北海道紋別高等学校
北海道,北海道士別東高等学校
北海道,北海道士別翔雲高等学校
北海道,北海道名寄高等学校
北海道,北海道名寄産業高等学校
北海道,北海道三笠高等学校
北海道,北海道根室高等学校
北海道,北海道千歳高等学校
北海道,北海道千歳北陽高等学校
北海道,北海道滝川高等学校
北海道,北海道滝川工業高等学校
北海道,北海道滝川西高等学校
北海道,北海道砂川高等学校
北海道,北海道深川西高等学校
北海道,北海道深川東高等学校
北海道,北海道富良野高等学校
北海道,北海道富良野緑峰高等学校
北海道,北海道富良野高等学校
北海道,北海道登別青嶺高等学校
北海道,北海道恵庭南高等学校
北海道,北海道恵庭北高等学校
北海道,北海道伊達高等学校
北海道,北海道伊達緑丘高等学校
北海道,北海道伊達開来高等学校
北海道,北海道北広島高等学校
北海道,北海道北広島西高等学校
北海道,北海道石狩翔陽高等学校
北海道,北海道石狩南高等学校
北海道,北海道函館水産高等学校
北海道,北海道大野農業高等学校
北海道,北海道上磯高等学校
北海道,北海道当別高等学校
北海道,北海道松前高等学校
北海道,北海道福島商業高等学校
北海道,北海道知内高等学校
北海道,北海道七飯高等学校
北海道,北海道森高等学校
北海道,北海道八雲高等学校
北海道,北海道長万部高等学校
北海道,北海道江差高等学校
北海道,北海道上ノ国高等学校
北海道,北海道奥尻高等学校
北海道,北海道檜山北高等学校
北海道,北海道寿都高等学校
北海道,北海道蘭越高等学校
北海道,北海道ニセコ高等学校
北海道,北海道真狩高等学校
北海道,北海道留寿都高等学校
北海道,北海道倶知安高等学校
北海道,北海道倶知安農業高等学校
北海道,北海道岩内高等学校
北海道,北海道余市紅志高等学校
北海道,北海道南幌高等学校
北海道,北海道奈井江商業高等学校
北海道,北海道長沼高等学校
北海道,北海道栗山高等学校
北海道,北海道月形高等学校
北海道,北海道新十津川農業高等学校
北海道,北海道鷹栖高等学校
北海道,北海道上川高等学校
北海道,北海道東川高等学校
北海道,北海道美瑛高等学校
北海道,北海道上富良野高等学校
北海道,北海道南富良野高等学校
北海道,北海道剣淵高等学校
北海道,北海道下川商業高等学校
北海道,北海道美深高等学校
北海道,北海道おといねっぷ美術工芸高等学校
北海道,北海道幌加内高等学校
北海道,北海道苫前商業高等学校
北海道,北海道羽幌高等学校
北海道,北海道天売高等学校
北海道,北海道遠別農業高等学校
北海道,北海道天塩高等学校
北海道,北海道浜頓別高等学校
北海道,北海道枝幸高等学校
北海道,北海道豊富高等学校
北海道,北海道礼文高等学校
北海道,北海道利尻高等学校
北海道,北海道美幌高等学校
北海道,北海道津別高等学校
北海道,北海道斜里高等学校
北海道,北海道清里高等学校
北海道,北海道訓子府高等学校
北海道,北海道置戸高等学校
北海道,北海道佐呂間高等学校
北海道,北海道遠軽高等学校
北海道,北海道湧別高等学校
北海道,北海道興部高等学校
北海道,北海道雄武高等学校
北海道,北海道東藻琴高等学校
北海道,北海道女満別高等学校
北海道,北海道大空高等学校
北海道,北海道壮瞥高等学校
北海道,北海道白老東高等学校
北海道,北海道厚真高等学校
北海道,北海道虻田高等学校
北海道,北海道追分高等学校
北海道,北海道穂別高等学校
北海道,北海道鵡川高等学校
北海道,北海道富川高等学校
北海道,北海道日高高等学校
北海道,北海道平取高等学校
北海道,北海道浦河高等学校
北海道,北海道えりも高等学校
北海道,北海道静内高等学校
北海道,北海道静内農業高等学校
北海道,北海道音更高等学校
北海道,北海道士幌高等学校
北海道,北海道上士幌高等学校
北海道,北海道鹿追高等学校
北海道,北海道清水高等学校
北海道,北海道芽室高等学校
北海道,北海道更別農業高等学校
北海道,北海道大樹高等学校
北海道,北海道広尾高等学校
北海道,北海道幕別清陵高等学校
北海道,北海道幕別高等学校
北海道,北海道池田高等学校
北海道,北海道本別高等学校
北海道,北海道足寄高等学校
北海道,北海道釧路東高等学校
北海道,北海道厚岸翔洋高等学校
北海道,北海道霧多布高等学校
北海道,北海道標茶高等学校
北海道,北海道弟子屈高等学校
北海道,北海道白糠高等学校
北海道,北海道別海高等学校
北海道,北海道中標津高等学校
北海道,北海道中標津農業高等学校
北海道,北海道標津高等学校
北海道,北海道羅臼高等学校
北海道,北星学園女子高等学校
北海道,札幌静修高等学校
北海道,札幌龍谷学園高等学校
北海道,札幌聖心女子学院高等学校
北海道,藤女子高等学校
北海道,札幌創成高等学校
北海道,札幌大谷高等学校
北海道,札幌北斗高等学校
北海道,札幌光星高等学校
北海道,北海高等学校
北海道,北海学園札幌高等学校
北海道,北海道科学大学高等学校
北海道,札幌第一高等学校
北海道,池上学院高等学校
北海道,札幌新陽高等学校
北海道,北海道文教大学附属高等学校
北海道,東海大学付属札幌高等学校
北海道,札幌山の手高等学校
北海道,北星学園大学附属高等学校
北海道,星槎国際高等学校
北海道,北嶺高等学校
北海道,函館大学付属有斗高等学校
北海道,函館大学付属柏稜高等学校
北海道,遺愛女子高等学校
北海道,函館白百合学園高等学校
北海道,函館大谷高等学校
北海道,清尚学院高等学校
北海道,函館大妻高等学校
北海道,函館ラ・サール高等学校
北海道,北照高等学校
北海道,小樽双葉高等学校
北海道,小樽明峰高等学校
北海道,旭川志峯高等学校
北海道,旭川実業高等学校
北海道,旭川龍谷高等学校
北海道,旭川藤星高等学校
北海道,旭川明成高等学校
北海道,北海道大谷室蘭高等学校
北海道,海星学院高等学校
北海道,武修館高等学校
北海道,帯広大谷高等学校
北海道,帯広北高等学校
北海道,北見藤高等学校
北海道,苫小牧中央高等学校
北海道,駒澤大学附属苫小牧高等学校
北海道,稚内大谷高等学校
北海道,立命館慶祥高等学校
北海道,酪農学園大学附属とわの森三愛高等学校
北海道,日本航空高等学校北海道
北海道,クラーク記念国際高等学校
北海道,札幌日本大学高等学校
北海道,北海道芸術高等学校
北海道,北星学園余市高等学校
北海道,北海道教育学園三和高等学校
北海道,北海道栄高等学校
北海道,白樺学園高等学校
北海道,江陵高等学校
青森,青森県立青森高等学校
青森,青森県立青森西高等学校
青森,青森県立青森東高等学校
青森,青森県立弘前高等学校
青森,青森県立弘前中央高等学校
青森,青森県立弘前南高等学校
青森,青森県立八戸高等学校
青森,青森県立八戸東高等学校
青森,青森県立八戸北高等学校
青森,青森県立青森北高等学校今別校舎
青森,青森県立木造高等学校
青森,青森県立鰺ヶ沢高等学校
青森,青森県立五所川原高等学校
青森,青森県立板柳高等学校
青森,青森県立金木高等学校
青森,青森県立黒石高等学校
青森,青森県立浪岡高等学校
青森,青森県立野辺地高等学校
青森,青森県立七戸高等学校
青森,青森県立三本木高等学校
青森,青森県立三沢高等学校
青森,青森県立田名部高等学校
青森,青森県立大湊高等学校
青森,青森県立五戸高等学校
青森,青森県立三戸高等学校
青森,青森県立柏木農業高等学校
青森,青森県立五所川原農林高等学校
青森,青森県立三本木農業高等学校
青森,青森県立名久井農業高等学校
青森,青森県立青森工業高等学校
青森,青森県立弘前工業高等学校
青森,青森県立八戸工業高等学校
青森,青森県立五所川原工業高等学校
青森,青森県立十和田工業高等学校
青森,青森県立むつ工業高等学校
青森,青森県立八戸水産高等学校
青森,青森県立青森商業高等学校
青森,青森県立三沢商業高等学校
青森,青森県立黒石商業高等学校
青森,青森県立八戸商業高等学校
青森,青森県立中里高等学校
青森,青森県立六ヶ所高等学校
青森,青森県立青森南高等学校
青森,青森県立八戸西高等学校
青森,青森県立青森北高等学校
青森,青森県立青森中央高等学校
青森,青森県立弘前実業高等学校
青森,青森県立木造高等学校深浦校舎
青森,青森県立六戸高等学校
青森,青森県立北斗高等学校
青森,青森県立八戸中央高等学校
青森,青森県立百石高等学校
青森,青森県立鶴田高等学校
青森,青森県立大間高等学校
青森,青森県立大湊高等学校川内校舎
青森,青森県立田子高等学校
青森,青森県立十和田西高等学校
青森,青森県立青森東高等学校平内校舎
青森,青森県立尾上総合高等学校
青森,青森県立黒石高等学校
青森,青森県立三本木農業恵拓高等学校
青森,青森県立五所川原工科高等学校
青森,弘前学院聖愛高等学校
青森,柴田学園大学附属柴田学園高等学校
青森,東奥義塾高等学校
青森,東奥学園高等学校
青森,青森山田高等学校
青森,青森明の星高等学校
青森,千葉学園高等学校
青森,八戸聖ウルスラ学院高等学校
青森,八戸学院光星高等学校
青森,八戸工業大学第一高等学校
青森,五所川原第一高等学校
青森,下山学園高等学校
青森,弘前東高等学校
青森,八戸学院野辺地西高等学校
青森,松風塾高等学校
青森,八戸工業大学第二高等学校
青森,向陵高等学校
岩手,岩手県立盛岡第一高等学校
岩手,岩手県立盛岡第二高等学校
岩手,岩手県立盛岡第三高等学校
岩手,岩手県立盛岡第四高等学校
岩手,岩手県立盛岡北高等学校
岩手,岩手県立盛岡南高等学校
岩手,岩手県立不来方高等学校
岩手,岩手県立杜陵高等学校
岩手,岩手県立杜陵高等学校奥州校
岩手,岩手県立盛岡農業高等学校
岩手,岩手県立盛岡工業高等学校
岩手,岩手県立盛岡商業高等学校
岩手,岩手県立沼宮内高等学校
岩手,岩手県立葛巻高等学校
岩手,岩手県立平舘高等学校
岩手,岩手県立雫石高等学校
岩手,岩手県立紫波総合高等学校
岩手,岩手県立花巻北高等学校
岩手,岩手県立花巻南高等学校
岩手,岩手県立花巻農業高等学校
岩手,岩手県立花北青雲高等学校
岩手,岩手県立大迫高等学校
岩手,岩手県立遠野高等学校
岩手,岩手県立遠野緑峰高等学校
岩手,岩手県立黒沢尻北高等学校
岩手,岩手県立北上翔南高等学校
岩手,岩手県立黒沢尻工業高等学校
岩手,岩手県立西和賀高等学校
岩手,岩手県立水沢高等学校
岩手,岩手県立水沢農業高等学校
岩手,岩手県立水沢工業高等学校
岩手,岩手県立水沢商業高等学校
岩手,岩手県立前沢高等学校
岩手,岩手県立金ケ崎高等学校
岩手,岩手県立岩谷堂高等学校
岩手,岩手県立一関第一高等学校
岩手,岩手県立一関第二高等学校
岩手,岩手県立一関工業高等学校
岩手,岩手県立花泉高等学校
岩手,岩手県立大東高等学校
岩手,岩手県立千厩高等学校
岩手,岩手県立高田高等学校
岩手,岩手県立大船渡高等学校
岩手,岩手県立大船渡東高等学校
岩手,岩手県立住田高等学校
岩手,岩手県立釜石高等学校
岩手,岩手県立釜石商工高等学校
岩手,岩手県立大槌高等学校
岩手,岩手県立山田高等学校
岩手,岩手県立宮古高等学校
岩手,岩手県立宮古北高等学校
岩手,岩手県立宮古商工高等学校
岩手,岩手県立宮古水産高等学校
岩手,岩手県立岩泉高等学校
岩手,岩手県立久慈高等学校
岩手,岩手県立久慈高等学校長内校
岩手,岩手県立久慈東高等学校
岩手,岩手県立久慈工業高等学校
岩手,岩手県立種市高等学校
岩手,岩手県立大野高等学校
岩手,岩手県立軽米高等学校
岩手,岩手県立伊保内高等学校
岩手,岩手県立福岡高等学校
岩手,岩手県立福岡工業高等学校
岩手,岩手県立一戸高等学校
岩手,盛岡市立高等学校
岩手,岩手県立北桜高等学校
岩手,岩手県立南昌みらい高等学校
岩手,岩手県立久慈翔北高等学校
岩手,岩手高等学校
岩手,岩手女子高等学校
岩手,盛岡白百合学園高等学校
岩手,江南義塾盛岡高等学校
岩手,盛岡誠桜高等学校
岩手,盛岡大学附属高等学校
岩手,盛岡スコーレ高等学校
岩手,盛岡中央高等学校
岩手,花巻東高等学校
岩手,専修大学北上高等学校
岩手,協和学院水沢第一高等学校
岩手,一関学院高等学校
岩手,一関修紅高等学校
宮城,宮城県仙台第二高等学校
宮城,宮城県宮城第一高等学校
宮城,宮城県工業高等学校
宮城,宮城県第二工業高等学校
宮城,宮城県宮城広瀬高等学校
宮城,宮城県仙台第三高等学校
宮城,宮城県宮城野高等学校
宮城,宮城県仙台第一高等学校
宮城,宮城県仙台二華高等学校
宮城,宮城県仙台東高等学校
宮城,宮城県仙台三桜高等学校
宮城,宮城県仙台向山高等学校
宮城,宮城県仙台南高等学校
宮城,宮城県仙台西高等学校
宮城,宮城県泉高等学校
宮城,宮城県泉松陵高等学校
宮城,宮城県泉館山高等学校
宮城,宮城県石巻高等学校
宮城,宮城県石巻好文館高等学校
宮城,宮城県石巻商業高等学校
宮城,宮城県石巻工業高等学校
宮城,宮城県水産高等学校
宮城,宮城県石巻北高等学校飯野川校
宮城,宮城県石巻北高等学校
宮城,宮城県塩釜高等学校
宮城,宮城県気仙沼向洋高等学校
宮城,宮城県本吉響高等学校
宮城,宮城県気仙沼高等学校
宮城,宮城県白石工業高等学校
宮城,宮城県白石高等学校
宮城,宮城県農業高等学校
宮城,宮城県名取北高等学校
宮城,宮城県美田園高等学校
宮城,宮城県角田高等学校
宮城,宮城県多賀城高等学校
宮城,宮城県貞山高等学校
宮城,宮城県名取高等学校
宮城,宮城県佐沼高等学校
宮城,宮城県登米高等学校
宮城,宮城県登米総合産業高等学校
宮城,宮城県岩ヶ崎高等学校
宮城,宮城県一迫商業高等学校
宮城,宮城県迫桜高等学校
宮城,宮城県築館高等学校
宮城,宮城県築館高等学校一迫商業キャンパス
宮城,宮城県石巻西高等学校
宮城,宮城県東松島高等学校
宮城,宮城県古川高等学校
宮城,宮城県古川黎明高等学校
宮城,宮城県松山高等学校
宮城,宮城県古川工業高等学校
宮城,宮城県岩出山高等学校
宮城,宮城県鹿島台商業高等学校
宮城,宮城県田尻さくら高等学校
宮城,宮城県富谷高等学校
宮城,宮城県蔵王高等学校
宮城,宮城県白石高等学校蔵王キャンパス
宮城,宮城県白石高等学校七ヶ宿校
宮城,宮城県柴田農林高等学校
宮城,宮城県大河原商業高等学校
宮城,宮城県大河原産業高等学校
宮城,宮城県村田高等学校
宮城,宮城県柴田高等学校
宮城,宮城県大河原産業高等学校川崎校
宮城,宮城県伊具高等学校
宮城,宮城県亘理高等学校
宮城,宮城県松島高等学校
宮城,宮城県利府高等学校
宮城,宮城県黒川高等学校
宮城,宮城県加美農業高等学校
宮城,宮城県中新田高等学校
宮城,宮城県涌谷高等学校
宮城,宮城県小牛田農林高等学校
宮城,宮城県南郷高等学校
宮城,宮城県南三陸高等学校
宮城,仙台市立仙台高等学校
宮城,仙台市立仙台工業高等学校
宮城,仙台市立仙台大志高等学校
宮城,仙台市立仙台商業高等学校
宮城,石巻市立桜坂高等学校
宮城,宮城学院高等学校
宮城,尚絅学院高等学校
宮城,常盤木学園高等学校
宮城,仙台大学附属明成高等学校
宮城,東北高等学校
宮城,聖ドミニコ学院高等学校
宮城,東北学院高等学校
宮城,仙台育英学園高等学校
宮城,聖和学園高等学校
宮城,聖ウルスラ学院英智高等学校
宮城,仙台城南高等学校
宮城,仙台白百合学園高等学校
宮城,東北生活文化大学高等学校
宮城,東北学院榴ケ岡高等学校
宮城,東陵高等学校
宮城,飛鳥未来きずな高等学校
宮城,日本ウェルネス宮城高等学校
宮城,古川学園高等学校
宮城,大崎中央高等学校
宮城,西山学院高等学校
秋田,秋田県立秋田高等学校
秋田,秋田県立秋田南高等学校
秋田,秋田県立秋田北高等学校
秋田,秋田県立秋田明徳館高等学校
秋田,秋田県立新屋高等学校
秋田,秋田県立金足農業高等学校
秋田,秋田県立秋田工業高等学校
秋田,秋田県立秋田中央高等学校
秋田,秋田市立秋田商業高等学校
秋田,秋田市立御所野学院高等学校
秋田,秋田県立二ツ井高等学校
秋田,秋田県立能代高等学校
秋田,秋田県立能代松陽高等学校
秋田,秋田県立能代西高等学校
秋田,秋田県立能代工業高等学校
秋田,秋田県立能代科学技術高等学校
秋田,秋田県立横手高等学校
秋田,秋田県立横手城南高等学校
秋田,秋田県立増田高等学校
秋田,秋田県立平成高等学校
秋田,秋田県立雄物川高等学校
秋田,秋田県立横手清陵学院高等学校
秋田,秋田県立大館国際情報学院高等学校
秋田,秋田県立大館鳳鳴高等学校
秋田,秋田県立大館桂桜高等学校
秋田,秋田県立男鹿工業高等学校
秋田,秋田県立男鹿海洋高等学校
秋田,秋田県立湯沢高等学校
秋田,秋田県立湯沢翔北高等学校
秋田,秋田県立湯沢翔北高等学校雄勝校
秋田,秋田県立花輪高等学校
秋田,秋田県立十和田高等学校
秋田,秋田県立鹿角高等学校
秋田,秋田県立本荘高等学校
秋田,秋田県立由利高等学校
秋田,秋田県立矢島高等学校
秋田,秋田県立西目高等学校
秋田,秋田県立由利工業高等学校
秋田,秋田県立秋田西高等学校
秋田,秋田県立西仙北高等学校
秋田,秋田県立大曲高等学校
秋田,秋田県立大曲農業高等学校
秋田,秋田県立大曲農業高等学校太田分校
秋田,秋田県立大曲工業高等学校
秋田,秋田県立秋田北鷹高等学校
秋田,秋田県立仁賀保高等学校
秋田,秋田県立角館高等学校
秋田,秋田県立小坂高等学校
秋田,秋田県立五城目高等学校
秋田,秋田県立六郷高等学校
秋田,秋田県立羽後高等学校
秋田,聖霊女子短期大学付属高等学校
秋田,国学館高等学校
秋田,秋田令和高等学校
秋田,ノースアジア大学明桜高等学校
秋田,秋田修英高等学校
山形,山形市立商業高等学校
山形,山形県立山形東高等学校
山形,山形県立山形南高等学校
山形,山形県立山形西高等学校
山形,山形県立山形北高等学校
山形,山形県立山形工業高等学校
山形,山形県立山形中央高等学校
山形,山形県立霞城学園高等学校
山形,山形県立米沢興譲館高等学校
山形,山形県立米沢東高等学校
山形,山形県立米沢工業高等学校
山形,山形県立米沢商業高等学校
山形,山形県立米沢鶴城高等学校
山形,山形県立鶴岡南高等学校
山形,山形県立鶴岡南高等学校山添校
山形,山形県立鶴岡北高等学校
山形,山形県立鶴岡工業高等学校
山形,山形県立加茂水産高等学校
山形,山形県立庄内農業高等学校
山形,山形県立鶴岡中央高等学校
山形,山形県立致道館高等学校
山形,山形県立酒田東高等学校
山形,山形県立酒田西高等学校
山形,山形県立酒田光陵高等学校
山形,山形県立新庄北高等学校
山形,山形県立新庄南高等学校
山形,山形県立新庄神室産業高等学校
山形,山形県立寒河江高等学校
山形,山形県立寒河江工業高等学校
山形,山形県立上山明新館高等学校
山形,山形県立村山産業高等学校
山形,山形県立長井高等学校
山形,山形県立長井工業高等学校
山形,山形県立天童高等学校
山形,山形県立東桜学館高等学校
山形,山形県立北村山高等学校
山形,山形県立南陽高等学校
山形,山形県立山辺高等学校
山形,山形県立谷地高等学校
山形,山形県立左沢高等学校
山形,山形県立新庄南高等学校金山校
山形,山形県立新庄北高等学校最上校
山形,山形県立新庄神室産業高等学校真室川校
山形,山形県立高畠高等学校
山形,山形県立置賜農業高等学校
山形,山形県立小国高等学校
山形,山形県立荒砥高等学校
山形,山形県立庄内総合高等学校
山形,山形県立遊佐高等学校
山形,東北文教大学山形城北高等学校
山形,山形学院高等学校
山形,日本大学山形高等学校
山形,山形明正高等学校
山形,惺山高等学校
山形,東海大学山形高等学校
山形,九里学園高等学校
山形,米沢中央高等学校
山形,羽黒高等学校
山形,鶴岡東高等学校
山形,和順館高等学校
山形,酒田南高等学校
山形,新庄東高等学校
山形,創学館高等学校
山形,基督教独立学園高等学校
福島,福島県立福島高等学校
福島,福島県立橘高等学校
福島,福島県立福島商業高等学校
福島,福島県立福島明成高等学校
福島,福島県立福島工業高等学校
福島,福島県立福島西高等学校
福島,福島県立福島北高等学校
福島,福島県立福島東高等学校
福島,福島県立福島南高等学校
福島,福島県立福島中央高等学校
福島,福島県立ふくしま新世高等学校
福島,福島県立会津高等学校
福島,福島県立葵高等学校
福島,福島県立会津学鳳高等学校
福島,福島県立若松商業高等学校
福島,福島県立会津工業高等学校
福島,福島県立会津第二高等学校
福島,福島県立安積高等学校
福島,福島県立安積高等学校御舘校
福島,福島県立安積黎明高等学校
福島,福島県立郡山東高等学校
福島,福島県立郡山商業高等学校
福島,福島県立郡山北工業高等学校
福島,福島県立郡山高等学校
福島,福島県立あさか開成高等学校
福島,福島県立湖南高等学校
福島,福島県立郡山萌世高等学校
福島,福島県立磐城高等学校
福島,福島県立磐城桜が丘高等学校
福島,福島県立平工業高等学校
福島,福島県立平商業高等学校
福島,福島県立いわき総合高等学校
福島,福島県立湯本高等学校
福島,福島県立小名浜高等学校
福島,福島県立いわき海星高等学校
福島,福島県立磐城農業高等学校
福島,福島県立勿来高等学校
福島,福島県立勿来工業高等学校
福島,福島県立好間高等学校
福島,福島県立遠野高等学校
福島,福島県立四倉高等学校
福島,福島県立小名浜海星高等学校
福島,福島県立いわき湯本高等学校
福島,福島県立いわき光洋高等学校
福島,福島県立いわき翠の杜高等学校
福島,福島県立白河高等学校
福島,福島県立白河旭高等学校
福島,福島県立白河実業高等学校
福島,福島県立白河第二高等学校
福島,福島県立須賀川高等学校
福島,福島県立須賀川桐陽高等学校
福島,福島県立清陵情報高等学校
福島,福島県立長沼高等学校
福島,福島県立須賀川創英館高等学校
福島,福島県立喜多方高等学校
福島,福島県立喜多方東高等学校
福島,福島県立喜多方桐桜高等学校
福島,福島県立耶麻農業高等学校
福島,福島県立喜多方高等学校
福島,福島県立相馬高等学校
福島,福島県立相馬東高等学校
福島,福島県立相馬総合高等学校
福島,福島県立安達高等学校
福島,福島県立二本松工業高等学校
福島,福島県立安達東高等学校
福島,福島県立二本松実業高等学校
福島,福島県立船引高等学校
福島,福島県立原町高等学校
福島,福島県立相馬農業高等学校
福島,福島県立小高産業技術高等学校
福島,福島県立梁川高等学校
福島,福島県立保原高等学校
福島,福島県立伊達高等学校
福島,福島県立本宮高等学校
福島,福島県立川俣高等学校
福島,福島県立岩瀬農業高等学校
福島,福島県立只見高等学校
福島,福島県立田島高等学校
福島,福島県立南会津高等学校
福島,福島県立南会津高等学校
福島,福島県立西会津高等学校
福島,福島県立猪苗代高等学校
福島,福島県立坂下高等学校
福島,福島県立会津農林高等学校
福島,福島県立川口高等学校
福島,福島県立大沼高等学校
福島,福島県立会津西陵高等学校
福島,福島県立光南高等学校
福島,福島県立修明高等学校
福島,福島県立塙工業高等学校
福島,福島県立修明高等学校鮫川校
福島,福島県立石川高等学校
福島,福島県立田村高等学校
福島,福島県立小野高等学校
福島,ふたば未来学園高等学校
福島,福島県立富岡高等学校
福島,福島県立双葉翔陽高等学校
福島,福島県立双葉高等学校
福島,福島県立浪江高等学校
福島,福島県立浪江高等学校津島校
福島,福島県立新地高等学校
福島,福島県立相馬農業高等学校飯舘校
福島,学校法人松韻学園福島高等学校
福島,福島成蹊高等学校
福島,桜の聖母学院高等学校
福島,福島東稜高等学校
福島,学校法人福島南高等学園
福島,会津北嶺高等学校
福島,会津若松ザベリオ学園高等学校
福島,学校法人温知会仁愛高等学校
福島,帝京安積高等学校
福島,日本大学東北高等学校
福島,学校法人尚志学園尚志高等学校
福島,郡山女子大学附属高等学校
福島,学校法人山?学園福島県磐城第一高等学校
福島,学校法人山?学園磐城緑蔭高等学校
福島,東日本国際大学附属昌平高等学校
福島,いわき秀英高等学校
福島,聖光学院高等学校
福島,学校法人石川高等学校
福島,大智学園高等学校
茨城,茨城県立水戸第一高等学校
茨城,茨城県立水戸第二高等学校
茨城,茨城県立水戸第三高等学校
茨城,茨城県立緑岡高等学校
茨城,茨城県立水戸工業高等学校
茨城,茨城県立水戸商業高等学校
茨城,茨城県立水戸南高等学校
茨城,茨城県立水戸桜ノ牧高等学校
茨城,茨城県立日立第一高等学校
茨城,茨城県立日立第二高等学校
茨城,茨城県立日立工業高等学校
茨城,茨城県立多賀高等学校
茨城,茨城県立日立商業高等学校
茨城,茨城県立日立北高等学校
茨城,茨城県立土浦第一高等学校
茨城,茨城県立土浦第二高等学校
茨城,茨城県立土浦第三高等学校
茨城,茨城県立土浦工業高等学校
茨城,茨城県立土浦湖北高等学校
茨城,茨城県立古河第一高等学校
茨城,茨城県立古河第二高等学校
茨城,茨城県立古河第三高等学校
茨城,茨城県立総和工業高等学校
茨城,茨城県立三和高等学校
茨城,茨城県立石岡第一高等学校
茨城,茨城県立石岡第二高等学校
茨城,茨城県立石岡商業高等学校
茨城,茨城県立結城第一高等学校
茨城,茨城県立結城第二高等学校
茨城,茨城県立鬼怒商業高等学校
茨城,茨城県立竜ヶ崎第一高等学校
茨城,茨城県立竜ヶ崎第二高等学校
茨城,茨城県立竜ヶ崎南高等学校
茨城,茨城県立下妻第一高等学校
茨城,茨城県立下妻第二高等学校
茨城,茨城県立石下紫峰高等学校
茨城,茨城県立水海道第一高等学校
茨城,茨城県立水海道第二高等学校
茨城,茨城県立太田第一高等学校
茨城,茨城県立太田第二高等学校
茨城,茨城県立佐竹高等学校
茨城,茨城県立太田西山高等学校
茨城,茨城県立高萩高等学校
茨城,茨城県立高萩清松高等学校
茨城,茨城県立磯原郷英高等学校
茨城,茨城県立笠間高等学校
茨城,茨城県立友部高等学校
茨城,茨城県立ＩＴ未来高等学校
茨城,茨城県立取手第一高等学校
茨城,茨城県立取手第二高等学校
茨城,茨城県立取手松陽高等学校
茨城,茨城県立藤代高等学校
茨城,茨城県立藤代紫水高等学校
茨城,茨城県立牛久高等学校
茨城,茨城県立牛久栄進高等学校
茨城,茨城県立筑波高等学校
茨城,茨城県立竹園高等学校
茨城,茨城県立つくば工科高等学校
茨城,茨城県立茎崎高等学校
茨城,茨城県立つくばサイエンス高等学校
茨城,茨城県立勝田高等学校
茨城,茨城県立勝田工業高等学校
茨城,茨城県立佐和高等学校
茨城,茨城県立那珂湊高等学校
茨城,茨城県立海洋高等学校
茨城,茨城県立鹿島高等学校
茨城,茨城県立鹿島灘高等学校
茨城,茨城県立潮来高等学校
茨城,茨城県立守谷高等学校
茨城,茨城県立小瀬高等学校
茨城,茨城県立常陸大宮高等学校
茨城,茨城県立水戸農業高等学校
茨城,茨城県立那珂高等学校
茨城,茨城県立下館第一高等学校
茨城,茨城県立下館第二高等学校
茨城,茨城県立下館工業高等学校
茨城,茨城県立明野高等学校
茨城,茨城県立岩井高等学校
茨城,茨城県立坂東総合高等学校
茨城,茨城県立坂東清風高等学校
茨城,茨城県立江戸崎総合高等学校
茨城,茨城県立岩瀬高等学校
茨城,茨城県立真壁高等学校
茨城,茨城県立神栖高等学校
茨城,茨城県立波崎高等学校
茨城,茨城県立波崎柳川高等学校
茨城,茨城県立玉造工業高等学校
茨城,茨城県立麻生高等学校
茨城,茨城県立鉾田第一高等学校
茨城,茨城県立鉾田第二高等学校
茨城,茨城県立伊奈高等学校
茨城,茨城県立中央高等学校
茨城,茨城県立茨城東高等学校
茨城,茨城県立大洗高等学校
茨城,茨城県立水戸桜ノ牧高等学校常北校
茨城,茨城県立東海高等学校
茨城,茨城県立大子清流高等学校
茨城,茨城県立八千代高等学校
茨城,茨城県立境高等学校
茨城,茨城高等学校
茨城,常磐大学高等学校
茨城,大成女子高等学校
茨城,水戸女子高等学校
茨城,水戸啓明高等学校
茨城,水城高等学校
茨城,学校法人田中学園水戸葵陵高等学校
茨城,水戸平成学園高等学校
茨城,EIKOデジタル・クリエイティブ高等学校
茨城,飛鳥未来きぼう高等学校
茨城,明秀学園日立高等学校
茨城,茨城キリスト教学園高等学校
茨城,翔洋学園高等学校
茨城,学校法人土浦日本大学学園土浦日本大学高等学校
茨城,つくば国際大学高等学校
茨城,常総学院高等学校
茨城,晃陽学園高等学校
茨城,青丘学院つくば高等学校
茨城,愛国学園大学附属龍ケ崎高等学校
茨城,第一学院高等学校高萩校
茨城,日本ウェルネス高等学校
茨城,学校法人江戸川学園江戸川取手高等学校
茨城,聖徳大学附属取手聖徳女子高等学校
茨城,学校法人東洋大学東洋大学附属牛久高等学校
茨城,つくば開成高等学校
茨城,学校法人茗溪学園茗溪学園高等学校
茨城,学校法人温習塾つくば秀英高等学校
茨城,Ｓ高等学校
茨城,学校法人清真学園清真学園高等学校
茨城,鹿島学園高等学校
茨城,四谷学院高等学校
茨城,つくば国際大学東風高等学校
茨城,岩瀬日本大学高等学校
茨城,ルネサンス高等学校
茨城,霞ヶ浦高等学校
栃木,栃木県立宇都宮高等学校
栃木,栃木県立宇都宮東高等学校
栃木,栃木県立宇都宮女子高等学校
栃木,栃木県立宇都宮中央女子高等学校
栃木,栃木県立宇都宮白楊高等学校
栃木,栃木県立宇都宮工業高等学校
栃木,栃木県立宇都宮商業高等学校
栃木,栃木県立宇都宮南高等学校
栃木,栃木県立宇都宮北高等学校
栃木,栃木県立鹿沼高等学校
栃木,栃木県立今市高等学校
栃木,栃木県立今市工業高等学校
栃木,栃木県立鹿沼商工高等学校
栃木,栃木県立鹿沼東高等学校
栃木,栃木県立宇都宮清陵高等学校
栃木,栃木県立上三川高等学校
栃木,栃木県立小山西高等学校
栃木,栃木県立日光明峰高等学校
栃木,栃木県立栃木翔南高等学校
栃木,栃木県立鹿沼南高等学校
栃木,栃木県立石橋高等学校
栃木,栃木県立小山高等学校
栃木,栃木県立小山城南高等学校
栃木,栃木県立栃木高等学校
栃木,栃木県立栃木女子高等学校
栃木,栃木県立栃木農業高等学校
栃木,栃木県立栃木工業高等学校
栃木,栃木県立栃木商業高等学校
栃木,栃木県立壬生高等学校
栃木,栃木県立小山北桜高等学校
栃木,栃木県立佐野高等学校
栃木,栃木県立学悠館高等学校
栃木,栃木県立足利高等学校
栃木,栃木県立足利女子高等学校
栃木,栃木県立足利工業高等学校
栃木,栃木県立足利南高等学校
栃木,栃木県立真岡高等学校
栃木,栃木県立真岡女子高等学校
栃木,栃木県立真岡北陵高等学校
栃木,栃木県立真岡工業高等学校
栃木,栃木県立茂木高等学校
栃木,栃木県立益子芳星高等学校
栃木,栃木県立足利清風高等学校
栃木,栃木県立烏山高等学校
栃木,栃木県立馬頭高等学校
栃木,栃木県立大田原高等学校
栃木,栃木県立大田原女子高等学校
栃木,栃木県立黒羽高等学校
栃木,栃木県立那須拓陽高等学校
栃木,栃木県立那須清峰高等学校
栃木,栃木県立大田原東高等学校
栃木,栃木県立那須高等学校
栃木,栃木県立黒磯高等学校
栃木,栃木県立黒磯南高等学校
栃木,栃木県立小山南高等学校
栃木,栃木県立佐野東高等学校
栃木,栃木県立佐野松桜高等学校
栃木,栃木県立矢板高等学校
栃木,栃木県立高根沢高等学校
栃木,栃木県立矢板東高等学校
栃木,栃木県立さくら清修高等学校
栃木,栃木県立宇都宮中央高等学校
栃木,作新学院高等学校
栃木,文星芸術大学附属高等学校
栃木,宇都宮文星女子高等学校
栃木,宇都宮短期大学附属高等学校
栃木,足利大学附属女子高等学校
栃木,佐野清澄高等学校
栃木,青藍泰斗高等学校
栃木,白鴎大学足利高等学校
栃木,宇都宮海星女子学院高等学校
栃木,國學院大學栃木高等学校
栃木,矢板中央高等学校
栃木,佐野日本大学高等学校
栃木,足利大学附属高等学校
栃木,幸福の科学学園高等学校
栃木,日々輝学園高等学校
栃木,星の杜高等学校
群馬,群馬県立前橋高等学校
群馬,群馬県立高崎高等学校
群馬,群馬県立桐生高等学校
群馬,群馬県立太田高等学校
群馬,群馬県立沼田高等学校
群馬,群馬県立渋川高等学校
群馬,群馬県立館林高等学校
群馬,群馬県立桐生南高等学校
群馬,群馬県立榛名高等学校
群馬,群馬県立万場高等学校
群馬,群馬県立下仁田高等学校
群馬,群馬県立松井田高等学校
群馬,群馬県立長野原高等学校
群馬,群馬県立嬬恋高等学校
群馬,群馬県立尾瀬高等学校
群馬,群馬県立玉村高等学校
群馬,群馬県立大間々高等学校
群馬,群馬県立板倉高等学校
群馬,群馬県立前橋清陵高等学校
群馬,群馬県立吉井高等学校
群馬,群馬県立前橋女子高等学校
群馬,群馬県立高崎女子高等学校
群馬,群馬県立桐生女子高等学校
群馬,群馬県立伊勢崎清明高等学校
群馬,群馬県立太田女子高等学校
群馬,群馬県立沼田女子高等学校
群馬,群馬県立館林女子高等学校
群馬,群馬県立渋川女子高等学校
群馬,群馬県立前橋南高等学校
群馬,群馬県立西邑楽高等学校
群馬,群馬県立渋川青翠高等学校
群馬,群馬県立高崎北高等学校
群馬,群馬県立前橋東高等学校
群馬,群馬県立桐生西高等学校
群馬,群馬県立前橋西高等学校
群馬,群馬県立太田東高等学校
群馬,群馬県立高崎東高等学校
群馬,群馬県立藤岡中央高等学校
群馬,群馬県立伊勢崎高等学校
群馬,群馬県立太田フレックス高等学校
群馬,群馬県立安中総合学園高等学校
群馬,群馬県立勢多農林高等学校
群馬,群馬県立伊勢崎興陽高等学校
群馬,群馬県立利根実業高等学校
群馬,群馬県立富岡実業高等学校
群馬,群馬県立新田暁高等学校
群馬,群馬県立大泉高等学校
群馬,群馬県立藤岡北高等学校
群馬,群馬県立前橋工業高等学校
群馬,群馬県立高崎工業高等学校
群馬,群馬県立桐生工業高等学校
群馬,群馬県立伊勢崎工業高等学校
群馬,群馬県立太田工業高等学校
群馬,群馬県立藤岡工業高等学校
群馬,群馬県立前橋商業高等学校
群馬,群馬県立高崎商業高等学校
群馬,群馬県立伊勢崎商業高等学校
群馬,群馬県立館林商工高等学校
群馬,群馬県立富岡高等学校
群馬,群馬県立吾妻中央高等学校
群馬,前橋市立前橋高等学校
群馬,桐生市立商業高等学校
群馬,太田市立太田高等学校
群馬,群馬県立渋川工業高等学校
群馬,利根沼田学校組合立利根商業高等学校
群馬,高崎市立高崎経済大学附属高等学校
群馬,群馬県立桐生清桜高等学校
群馬,群馬県立沼田高等学校
群馬,共愛学園高等学校
群馬,前橋育英高等学校
群馬,高崎商科大学附属高等学校
群馬,東京農業大学第二高等学校
群馬,桐生第一高等学校
群馬,樹徳高等学校
群馬,常磐高等学校
群馬,関東学園大学附属高等学校
群馬,新島学園高等学校
群馬,高崎健康福祉大学高崎高等学校
群馬,白根開善学校高等部
群馬,明和県央高等学校
群馬,ぐんま国際アカデミー高等部
群馬,Ｒ高校
埼玉,筑波大学附属坂戸高等学校
埼玉,埼玉県立浦和高等学校
埼玉,埼玉県立熊谷高等学校
埼玉,埼玉県立川越高等学校
埼玉,埼玉県立春日部高等学校
埼玉,埼玉県立浦和第一女子高等学校
埼玉,埼玉県立熊谷農業高等学校
埼玉,埼玉県立熊谷女子高等学校
埼玉,埼玉県立川越女子高等学校
埼玉,埼玉県立川越工業高等学校
埼玉,埼玉県立川越総合高等学校
埼玉,埼玉県立久喜高等学校
埼玉,埼玉県立不動岡高等学校
埼玉,埼玉県立秩父農工科学高等学校
埼玉,埼玉県立本庄高等学校
埼玉,埼玉県立松山高等学校
埼玉,埼玉県立深谷商業高等学校
埼玉,埼玉県立杉戸農業高等学校
埼玉,埼玉県立進修館高等学校
埼玉,埼玉県立小川高等学校
埼玉,埼玉県立秩父高等学校
埼玉,埼玉県立春日部女子高等学校
埼玉,埼玉県立児玉高等学校
埼玉,埼玉県立飯能高等学校
埼玉,埼玉県立越ケ谷高等学校
埼玉,埼玉県立浦和西高等学校
埼玉,埼玉県立川口工業高等学校
埼玉,埼玉県立幸手桜高等学校
埼玉,埼玉県立豊岡高等学校
埼玉,埼玉県立羽生実業高等学校
埼玉,埼玉県立松山女子高等学校
埼玉,埼玉県立鴻巣高等学校
埼玉,埼玉県立深谷第一高等学校
埼玉,埼玉県立大宮高等学校
埼玉,埼玉県立川口高等学校
埼玉,埼玉県立岩槻商業高等学校
埼玉,埼玉県立所沢高等学校
埼玉,埼玉県立小鹿野高等学校
埼玉,埼玉県立与野高等学校
埼玉,埼玉県立浦和商業高等学校
埼玉,埼玉県立大宮商業高等学校
埼玉,埼玉県立熊谷商業高等学校
埼玉,埼玉県立熊谷工業高等学校
埼玉,埼玉県立蕨高等学校
埼玉,埼玉県立上尾高等学校
埼玉,埼玉県立浦和工業高等学校
埼玉,埼玉県立草加高等学校
埼玉,埼玉県立いずみ高等学校
埼玉,埼玉県立狭山工業高等学校
埼玉,埼玉県立寄居城北高等学校
埼玉,埼玉県立大宮工業高等学校
埼玉,埼玉県立朝霞高等学校
埼玉,埼玉県立久喜工業高等学校
埼玉,埼玉県立戸田翔陽高等学校
埼玉,埼玉県立春日部工業高等学校
埼玉,埼玉県立狭山緑陽高等学校
埼玉,埼玉県立鴻巣女子高等学校
埼玉,埼玉県立岩槻高等学校
埼玉,埼玉県立皆野高等学校
埼玉,埼玉県立越谷北高等学校
埼玉,埼玉県立所沢商業高等学校
埼玉,埼玉県立誠和福祉高等学校
埼玉,埼玉県立常盤高等学校
埼玉,埼玉県立坂戸高等学校
埼玉,埼玉県立吉川美南高等学校
埼玉,埼玉県立和光高等学校
埼玉,埼玉県立桶川高等学校
埼玉,埼玉県立越生高等学校
埼玉,埼玉県立児玉白楊高等学校
埼玉,埼玉県立新座高等学校
埼玉,埼玉県立ふじみ野高等学校
埼玉,埼玉県立八潮高等学校
埼玉,埼玉県立蓮田松韻高等学校
埼玉,埼玉県立川口北高等学校
埼玉,埼玉県立志木高等学校
埼玉,埼玉県立所沢北高等学校
埼玉,埼玉県立日高高等学校
埼玉,埼玉県立深谷高等学校
埼玉,埼玉県立越谷南高等学校
埼玉,埼玉県立北本高等学校
埼玉,埼玉県立川越南高等学校
埼玉,埼玉県立熊谷西高等学校
埼玉,埼玉県立三郷高等学校
埼玉,埼玉県立栗橋北彩高等学校
埼玉,埼玉県立草加南高等学校
埼玉,埼玉県立大宮武蔵野高等学校
埼玉,埼玉県立富士見高等学校
埼玉,埼玉県立滑川総合高等学校
埼玉,埼玉県立羽生第一高等学校
埼玉,埼玉県立上尾南高等学校
埼玉,埼玉県立春日部東高等学校
埼玉,埼玉県立白岡高等学校
埼玉,埼玉県立杉戸高等学校
埼玉,埼玉県立川口東高等学校
埼玉,埼玉県立浦和北高等学校
埼玉,埼玉県立飯能南高等学校
埼玉,埼玉県立鷲宮高等学校
埼玉,埼玉県立上尾鷹の台高等学校
埼玉,埼玉県立朝霞西高等学校
埼玉,埼玉県立新座柳瀬高等学校
埼玉,埼玉県立川越西高等学校
埼玉,埼玉県立所沢西高等学校
埼玉,埼玉県立坂戸西高等学校
埼玉,埼玉県立妻沼高等学校
埼玉,埼玉県立越谷西高等学校
埼玉,埼玉県立大宮東高等学校
埼玉,埼玉県立南稜高等学校
埼玉,埼玉県立桶川西高等学校
埼玉,埼玉県立吹上秋桜高等学校
埼玉,埼玉県立所沢中央高等学校
埼玉,埼玉県立草加東高等学校
埼玉,埼玉県立三郷北高等学校
埼玉,埼玉県立庄和高等学校
埼玉,埼玉県立松伏高等学校
埼玉,埼玉県立岩槻北陵高等学校
埼玉,埼玉県立大宮南高等学校
埼玉,埼玉県立狭山清陵高等学校
埼玉,埼玉県立鶴ケ島清風高等学校
埼玉,埼玉県立越谷東高等学校
埼玉,埼玉県立宮代高等学校
埼玉,埼玉県立浦和東高等学校
埼玉,埼玉県立上尾橘高等学校
埼玉,埼玉県立新座総合技術高等学校
埼玉,埼玉県立川越初雁高等学校
埼玉,埼玉県立入間向陽高等学校
埼玉,埼玉県立鳩山高等学校
埼玉,埼玉県立草加西高等学校
埼玉,埼玉県立川口青陵高等学校
埼玉,埼玉県立伊奈学園総合高等学校
埼玉,埼玉県立芸術総合高等学校
埼玉,埼玉県立八潮南高等学校
埼玉,埼玉県立三郷工業技術高等学校
埼玉,埼玉県立狭山経済高等学校
埼玉,埼玉県立大宮光陵高等学校
埼玉,埼玉県立越谷総合技術高等学校
埼玉,埼玉県立和光国際高等学校
埼玉,埼玉県立久喜北陽高等学校
埼玉,埼玉県立鳩ケ谷高等学校
埼玉,埼玉県立大宮中央高等学校
埼玉,埼玉県立羽生高等学校
埼玉,さいたま市立浦和高等学校
埼玉,川越市立川越高等学校
埼玉,さいたま市立大宮北高等学校
埼玉,さいたま市立浦和南高等学校
埼玉,川口市立高等学校
埼玉,埼玉栄高等学校
埼玉,大宮開成高等学校
埼玉,松栄学園高等学校大宮分校
埼玉,栄東高等学校
埼玉,淑徳与野高等学校
埼玉,浦和麗明高等学校
埼玉,浦和実業学園高等学校
埼玉,浦和明の星女子高等学校
埼玉,浦和学院高等学校
埼玉,青山学院大学系属浦和ルーテル学院高等学校
埼玉,開智高等学校
埼玉,山村学園高等学校
埼玉,東邦音楽大学附属東邦第二高等学校
埼玉,星野高等学校
埼玉,城西大学付属川越高等学校
埼玉,秀明高等学校
埼玉,城北埼玉高等学校
埼玉,川越東高等学校
埼玉,霞ヶ関高等学校
埼玉,聖望学園高等学校
埼玉,自由の森学園高等学校
埼玉,大川学園高等学校
埼玉,わせがく夢育高等学校
埼玉,花咲徳栄高等学校
埼玉,開智未来高等学校
埼玉,本庄第一高等学校
埼玉,本庄東高等学校
埼玉,早稲田大学本庄高等学院
埼玉,東京農業大学第三高等学校
埼玉,春日部共栄高等学校
埼玉,松栄学園高等学校
埼玉,西武学園文理高等学校
埼玉,秋草学園高等学校
埼玉,正智深谷高等学校
埼玉,東京成徳大学深谷高等学校
埼玉,創学舎高等学校
埼玉,秀明英光高等学校
埼玉,獨協埼玉高等学校
埼玉,武蔵野星城高等学校
埼玉,松栄学園高等学校越谷レイクタウン分校
埼玉,叡明高等学校
埼玉,武南高等学校
埼玉,狭山ヶ丘高等学校
埼玉,武蔵野音楽大学附属高等学校
埼玉,東野高等学校
埼玉,細田学園高等学校
埼玉,慶應義塾志木高等学校
埼玉,立教新座高等学校
埼玉,西武台高等学校
埼玉,山村国際高等学校
埼玉,国際学院高等学校
埼玉,栄北高等学校
埼玉,埼玉平成高等学校
埼玉,武蔵越生高等学校
埼玉,清和学園高等学校
埼玉,大妻嵐山高等学校
埼玉,昌平高等学校
埼玉,志学会高等学校
千葉,千葉県立千葉高等学校
千葉,千葉県立千葉女子高等学校
千葉,千葉県立千葉東高等学校
千葉,千葉県立千葉商業高等学校
千葉,千葉県立京葉工業高等学校
千葉,千葉県立千葉工業高等学校
千葉,千葉県立千葉南高等学校
千葉,千葉県立検見川高等学校
千葉,千葉県立千葉北高等学校
千葉,千葉県立若松高等学校
千葉,千葉県立千城台高等学校
千葉,千葉県立生浜高等学校
千葉,千葉県立磯辺高等学校
千葉,千葉県立泉高等学校
千葉,千葉県立柏井高等学校
千葉,千葉県立千葉大宮高等学校
千葉,千葉県立土気高等学校
千葉,千葉県立千葉西高等学校
千葉,千葉県立犢橋高等学校
千葉,千葉県立幕張総合高等学校
千葉,千葉県立銚子高等学校
千葉,千葉県立銚子商業高等学校
千葉,千葉県立国府台高等学校
千葉,千葉県立国分高等学校
千葉,千葉県立行徳高等学校
千葉,千葉県立市川東高等学校
千葉,千葉県立市川南高等学校
千葉,千葉県立市川工業高等学校
千葉,千葉県立船橋高等学校
千葉,千葉県立薬園台高等学校
千葉,千葉県立船橋東高等学校
千葉,千葉県立船橋芝山高等学校
千葉,千葉県立船橋二和高等学校
千葉,千葉県立船橋古和釜高等学校
千葉,千葉県立船橋法典高等学校
千葉,千葉県立船橋豊富高等学校
千葉,千葉県立船橋北高等学校
千葉,千葉県立安房高等学校
千葉,千葉県立館山総合高等学校
千葉,千葉県立木更津高等学校
千葉,千葉県立木更津東高等学校
千葉,千葉県立松戸高等学校
千葉,千葉県立小金高等学校
千葉,千葉県立松戸国際高等学校
千葉,千葉県立松戸南高等学校
千葉,千葉県立松戸六実高等学校
千葉,千葉県立松戸馬橋高等学校
千葉,千葉県立清水高等学校
千葉,千葉県立野田中央高等学校
千葉,千葉県立佐原高等学校
千葉,千葉県立佐原白楊高等学校
千葉,千葉県立長生高等学校
千葉,千葉県立茂原高等学校
千葉,千葉県立茂原樟陽高等学校
千葉,千葉県立成田西陵高等学校
千葉,千葉県立成田国際高等学校
千葉,千葉県立成田北高等学校
千葉,千葉県立佐倉高等学校
千葉,千葉県立佐倉東高等学校
千葉,千葉県立佐倉西高等学校
千葉,千葉県立佐倉南高等学校
千葉,千葉県立東金高等学校
千葉,千葉県立東金商業高等学校
千葉,千葉県立匝瑳高等学校
千葉,千葉県立旭農業高等学校
千葉,千葉県立東総工業高等学校
千葉,千葉県立津田沼高等学校
千葉,千葉県立実籾高等学校
千葉,千葉県立東葛飾高等学校
千葉,千葉県立柏高等学校
千葉,千葉県立柏南高等学校
千葉,千葉県立柏陵高等学校
千葉,千葉県立柏中央高等学校
千葉,千葉県立柏の葉高等学校
千葉,千葉県立市原高等学校
千葉,千葉県立京葉高等学校
千葉,千葉県立市原緑高等学校
千葉,千葉県立姉崎高等学校
千葉,千葉県立市原八幡高等学校
千葉,千葉県立流山高等学校
千葉,千葉県立流山南高等学校
千葉,千葉県立流山北高等学校
千葉,千葉県立流山おおたかの森高等学校
千葉,千葉県立八千代高等学校
千葉,千葉県立八千代東高等学校
千葉,千葉県立八千代西高等学校
千葉,千葉県立我孫子高等学校
千葉,千葉県立長狭高等学校
千葉,千葉県立鎌ヶ谷高等学校
千葉,千葉県立鎌ヶ谷西高等学校
千葉,千葉県立上総高等学校
千葉,千葉県立君津青葉高等学校
千葉,千葉県立君津高等学校
千葉,千葉県立天羽高等学校
千葉,千葉県立君津商業高等学校
千葉,千葉県立浦安高等学校
千葉,千葉県立浦安南高等学校
千葉,千葉県立四街道高等学校
千葉,千葉県立四街道北高等学校
千葉,千葉県立沼南高等学校
千葉,千葉県立沼南高柳高等学校
千葉,千葉県立関宿高等学校
千葉,千葉県立八街高等学校
千葉,千葉県立印旛明誠高等学校
千葉,千葉県立白井高等学校
千葉,千葉県立富里高等学校
千葉,千葉県立下総高等学校
千葉,千葉県立小見川高等学校
千葉,千葉県立多古高等学校
千葉,千葉県立九十九里高等学校
千葉,千葉県立成東高等学校
千葉,千葉県立松尾高等学校
千葉,千葉県立大網高等学校
千葉,千葉県立一宮商業高等学校
千葉,千葉県立大多喜高等学校
千葉,千葉県立大原高等学校
千葉,千葉県立安房拓心高等学校
千葉,千葉県立袖ヶ浦高等学校
千葉,千葉県立船橋啓明高等学校
千葉,千葉県立市川昴高等学校
千葉,千葉県立松戸向陽高等学校
千葉,千葉県立我孫子東高等学校
千葉,千葉市立千葉高等学校
千葉,千葉市立稲毛高等学校
千葉,銚子市立銚子高等学校
千葉,船橋市立船橋高等学校
千葉,松戸市立松戸高等学校
千葉,習志野市立習志野高等学校
千葉,柏市立柏高等学校
千葉,千葉経済大学附属高等学校
千葉,千葉明徳高等学校
千葉,敬愛学園高等学校
千葉,植草学園大学附属高等学校
千葉,千葉聖心高等学校
千葉,昭和学院秀英高等学校
千葉,渋谷教育学園幕張高等学校
千葉,明聖高等学校
千葉,桜林高等学校
千葉,昭和学院高等学校
千葉,市川高等学校
千葉,和洋国府台女子高等学校
千葉,日出学園高等学校
千葉,千葉商科大学付属高等学校
千葉,国府台女子学院高等部
千葉,不二女子高等学校
千葉,東葉高等学校
千葉,日本大学習志野高等学校
千葉,千葉日本大学第一高等学校
千葉,東京学館船橋高等学校
千葉,中山学園高等学校
千葉,千葉県安房西高等学校
千葉,拓殖大学紅陵高等学校
千葉,暁星国際高等学校
千葉,志学館高等部
千葉,木更津総合高等学校
千葉,専修大学松戸高等学校
千葉,光英ＶＥＲＩＴＡＳ高等学校
千葉,西武台千葉高等学校
千葉,あずさ第一高等学校
千葉,千葉萌陽高等学校
千葉,成田高等学校
千葉,千葉学芸高等学校
千葉,敬愛大学八日市場高等学校
千葉,東邦大学付属東邦高等学校
千葉,麗澤高等学校
千葉,芝浦工業大学柏高等学校
千葉,日本体育大学柏高等学校
千葉,流通経済大学付属柏高等学校
千葉,東海大学付属市原望洋高等学校
千葉,市原中央高等学校
千葉,千葉英和高等学校
千葉,八千代松陰高等学校
千葉,秀明大学学校教師学部附属秀明八千代高等学校
千葉,我孫子二階堂高等学校
千葉,中央学院高等学校
千葉,鴨川令徳高等学校
千葉,翔凜高等学校
千葉,東海大学付属浦安高等学校
千葉,東京学館浦安高等学校
千葉,千葉敬愛高等学校
千葉,愛国学園大学附属四街道高等学校
千葉,二松学舎大学附属柏高等学校
千葉,東京学館高等学校
千葉,千葉黎明高等学校
千葉,横芝敬愛高等学校
千葉,茂原北陵高等学校
千葉,わせがく高等学校
千葉,中央国際高等学校
千葉,千葉科学大学附属高等学校
千葉,ヒューマンキャンパスのぞみ高等学校
千葉,成美学園高等學校
東京,東京学芸大学附属高等学校
東京,筑波大学附属高等学校
東京,筑波大学附属駒場高等学校
東京,東京工業大学附属科学技術高等学校
東京,東京芸術大学音楽学部附属音楽高等学校
東京,お茶の水女子大学附属高等学校
東京,東京科学大学附属科学技術高等学校
東京,東京都立一橋高等学校
東京,東京都立日比谷高等学校
東京,東京都立三田高等学校
東京,東京都立大崎高等学校
東京,東京都立八潮高等学校
東京,東京都立小山台高等学校
東京,東京都立雪谷高等学校
東京,東京都立大森高等学校
東京,東京都立田園調布高等学校
東京,東京都立蒲田高等学校
東京,東京都立つばさ総合高等学校
東京,東京都立六本木高等学校
東京,東京都立六郷工科高等学校
東京,東京都立美原高等学校
東京,東京都立芝商業高等学校
東京,東京都立大田桜台高等学校
東京,東京都立戸山高等学校
東京,東京都立駒場高等学校
東京,東京都立目黒高等学校
東京,東京都立新宿高等学校
東京,東京都立青山高等学校
東京,東京都立広尾高等学校
東京,東京都立松原高等学校
東京,東京都立桜町高等学校
東京,東京都立千歳丘高等学校
東京,東京都立深沢高等学校
東京,東京都立世田谷泉高等学校
東京,東京都立世田谷総合高等学校
東京,東京都立新宿山吹高等学校
東京,東京都立芦花高等学校
東京,東京都立第一商業高等学校
東京,東京都立総合工科高等学校
東京,東京都立園芸高等学校
東京,東京都立国際高等学校
東京,東京都立総合芸術高等学校
東京,東京都立鷺宮高等学校
東京,東京都立富士高等学校
東京,東京都立武蔵丘高等学校
東京,東京都立荻窪高等学校
東京,東京都立西高等学校
東京,東京都立豊多摩高等学校
東京,東京都立杉並高等学校
東京,東京都立石神井高等学校
東京,東京都立井草高等学校
東京,東京都立大泉高等学校
東京,東京都立練馬高等学校
東京,東京都立光丘高等学校
東京,東京都立田柄高等学校
東京,東京都立杉並総合高等学校
東京,東京都立稔ヶ丘高等学校
東京,東京都立大泉桜高等学校
東京,東京都立第四商業高等学校
東京,東京都立中野工科高等学校
東京,東京都立杉並工科高等学校
東京,東京都立練馬工科高等学校
東京,東京都立農芸高等学校
東京,東京都立竹早高等学校
東京,東京都立向丘高等学校
東京,東京都立豊島高等学校
東京,東京都立文京高等学校
東京,東京都立北園高等学校
東京,東京都立板橋高等学校
東京,東京都立大山高等学校
東京,東京都立高島高等学校
東京,東京都立桐ヶ丘高等学校
東京,東京都立飛鳥高等学校
東京,東京都立板橋有徳高等学校
東京,東京都立千早高等学校
東京,東京都立工芸高等学校
東京,東京都立北豊島工科高等学校
東京,東京都立王子総合高等学校
東京,東京都立赤羽北桜高等学校
東京,東京都立白鴎高等学校
東京,東京都立忍岡高等学校
東京,東京都立上野高等学校
東京,東京都立竹台高等学校
東京,東京都立足立高等学校
東京,東京都立江北高等学校
東京,東京都立淵江高等学校
東京,東京都立足立西高等学校
東京,東京都立足立東高等学校
東京,東京都立青井高等学校
東京,東京都立足立新田高等学校
東京,東京都立晴海総合高等学校
東京,東京都立浅草高等学校
東京,東京都立荒川商業高等学校
東京,東京都立蔵前工科高等学校
東京,東京都立荒川工科高等学校
東京,東京都立足立工科高等学校
東京,東京都立小台橋高等学校
東京,東京都立両国高等学校
東京,東京都立墨田川高等学校
東京,東京都立本所高等学校
東京,東京都立葛飾野高等学校
東京,東京都立南葛飾高等学校
東京,東京都立日本橋高等学校
東京,東京都立深川高等学校
東京,東京都立東高等学校
東京,東京都立城東高等学校
東京,東京都立小松川高等学校
東京,東京都立江戸川高等学校
東京,東京都立小岩高等学校
東京,東京都立葛西南高等学校
東京,東京都立篠崎高等学校
東京,東京都立紅葉川高等学校
東京,東京都立大江戸高等学校
東京,東京都立葛飾総合高等学校
東京,東京都立葛飾商業高等学校
東京,東京都立江東商業高等学校
東京,東京都立第三商業高等学校
東京,東京都立本所工科高等学校
東京,東京都立墨田工科高等学校
東京,東京都立葛西工科高等学校
東京,東京都立科学技術高等学校
東京,東京都立農産高等学校
東京,東京都立橘高等学校
東京,東京都立富士森高等学校
東京,東京都立片倉高等学校
東京,東京都立八王子東高等学校
東京,東京都立八王子北高等学校
東京,東京都立松が谷高等学校
東京,東京都立日野高等学校
東京,東京都立日野台高等学校
東京,東京都立南平高等学校
東京,東京都立町田高等学校
東京,東京都立野津田高等学校
東京,東京都立成瀬高等学校
東京,東京都立小川高等学校
東京,東京都立山崎高等学校
東京,東京都立町田総合高等学校
東京,東京都立翔陽高等学校
東京,東京都立八王子拓真高等学校
東京,東京都立町田工科高等学校
東京,東京都立八王子桑志高等学校
東京,東京都立立川高等学校
東京,東京都立砂川高等学校
東京,東京都立昭和高等学校
東京,東京都立拝島高等学校
東京,東京都立東大和高等学校
東京,東京都立武蔵村山高等学校
東京,東京都立東大和南高等学校
東京,東京都立多摩高等学校
東京,東京都立福生高等学校
東京,東京都立秋留台高等学校
東京,東京都立羽村高等学校
東京,東京都立五日市高等学校
東京,東京都立青梅総合高等学校
東京,東京都立上水高等学校
東京,東京都立多摩工科高等学校
東京,東京都立瑞穂農芸高等学校
東京,東京都立立川緑高等学校
東京,東京都立武蔵高等学校
東京,東京都立武蔵野北高等学校
東京,東京都立小金井北高等学校
東京,東京都立保谷高等学校
東京,東京都立久留米西高等学校
東京,東京都立田無高等学校
東京,東京都立小平高等学校
東京,東京都立小平西高等学校
東京,東京都立東村山高等学校
東京,東京都立国分寺高等学校
東京,東京都立清瀬高等学校
東京,東京都立小平南高等学校
東京,東京都立東村山西高等学校
東京,東京都立東久留米総合高等学校
東京,東京都立小金井工科高等学校
東京,東京都立田無工科高等学校
東京,東京都立多摩科学技術高等学校
東京,東京都立神代高等学校
東京,東京都立調布北高等学校
東京,東京都立調布南高等学校
東京,東京都立狛江高等学校
東京,東京都立府中高等学校
東京,東京都立府中東高等学校
東京,東京都立府中西高等学校
東京,東京都立国立高等学校
東京,東京都立永山高等学校
東京,東京都立若葉総合高等学校
東京,東京都立第五商業高等学校
東京,東京都立府中工科高等学校
東京,東京都立農業高等学校
東京,東京都立大島高等学校
東京,東京都立新島高等学校
東京,東京都立神津高等学校
東京,東京都立大島海洋国際高等学校
東京,東京都立三宅高等学校
東京,東京都立八丈高等学校
東京,東京都立小笠原高等学校
東京,大妻高等学校
東京,神田女学園高等学校
東京,暁星高等学校
東京,共立女子高等学校
東京,錦城学園高等学校
東京,麹町学園女子高等学校
東京,正則学園高等学校
東京,千代田高等学校
東京,東京家政学院高等学校
東京,東洋高等学校
東京,二松学舎大学附属高等学校
東京,雙葉高等学校
東京,三輪田学園高等学校
東京,和洋九段女子高等学校
東京,女子学院高等学校
東京,白百合学園高等学校
東京,大原学園美空高等学校
東京,開智日本橋学園高等学校
東京,麻布高等学校
東京,慶應義塾女子高等学校
東京,芝高等学校
東京,広尾学園高等学校
東京,頌栄女子学院高等学校
東京,正則高等学校
東京,聖心女子学院高等科
東京,高輪高等学校
東京,東海大学付属高輪台高等学校
東京,芝国際高等学校
東京,普連土学園高等学校
東京,明治学院高等学校
東京,山脇学園高等学校
東京,東洋英和女学院高等部
東京,海城高等学校
東京,学習院女子高等科
東京,成女高等学校
東京,成城高等学校
東京,保善高等学校
東京,目白研心高等学校
東京,早稲田高等学校
東京,中央大学高等学校
東京,跡見学園高等学校
東京,郁文館高等学校
東京,郁文館グローバル高等学校
東京,桜蔭高等学校
東京,京華高等学校
東京,京華女子高等学校
東京,京華商業高等学校
東京,東洋大学京北高等学校
東京,京北学園白山高等学校
東京,駒込高等学校
東京,小石川淑徳学園高等学校
東京,昭和第一高等学校
東京,貞静学園高等学校
東京,東邦音楽大学附属東邦高等学校
東京,東洋女子高等学校
東京,獨協高等学校
東京,日本大学豊山高等学校
東京,文京学院大学女子高等学校
東京,広尾学園小石川高等学校
東京,岩倉高等学校
東京,上野学園高等学校
東京,日本大学第一高等学校
東京,安田学園高等学校
東京,立志舎高等学校
東京,かえつ有明高等学校
東京,中央学院大学中央高等学校
東京,中村高等学校
東京,芝浦工業大学附属高等学校
東京,品川翔英高等学校
東京,攻玉社高等学校
東京,品川女子学院高等部
東京,青稜高等学校
東京,香蘭女学校高等科
東京,朋優学院高等学校
東京,品川学藝高等学校
東京,品川エトワール女子高等学校
東京,文教大学付属高等学校
東京,自由ヶ丘学園高等学校
東京,日本工業大学駒場高等学校
東京,トキワ松学園高等学校
東京,目黒日本大学高等学校
東京,目黒学院高等学校
東京,多摩大学目黒高等学校
東京,八雲学園高等学校
東京,立正大学付属立正高等学校
東京,大森学園高等学校
東京,羽田国際高等学校
東京,東京高等学校
東京,東京実業高等学校
東京,日本体育大学荏原高等学校
東京,三田国際科学学園高等学校
東京,駒場東邦高等学校
東京,鴎友学園女子高等学校
東京,国本女子高等学校
東京,恵泉女学園高等学校
東京,佼成学園女子高等学校
東京,国士舘高等学校
東京,駒澤大学高等学校
東京,駒場学園高等学校
東京,松蔭大学附属松蔭高等学校
東京,昭和女子大学附属昭和高等学校
東京,成城学園高等学校
東京,下北沢成徳高等学校
東京,世田谷学園高等学校
東京,聖ドミニコ学園高等学校
東京,大東学園高等学校
東京,玉川聖学院高等部
東京,田園調布学園高等部
東京,田園調布雙葉高等学校
東京,東京農業大学第一高等学校
東京,東京都市大学等々力高等学校
東京,日本女子体育大学附属二階堂高等学校
東京,日本学園高等学校
東京,日本大学櫻丘高等学校
東京,東京都市大学付属高等学校
東京,サレジアン国際学園世田谷高等学校
東京,科学技術学園高等学校
東京,青山学院高等部
東京,関東国際高等学校
東京,國學院高等学校
東京,実践女子学園高等学校
東京,渋谷教育学園渋谷高等学校
東京,東京女学館高等学校
東京,富士見丘高等学校
東京,東海大学付属望星高等学校
東京,実践学園高等学校
東京,東亜学園高等学校
東京,新渡戸文化高等学校
東京,大妻中野高等学校
東京,宝仙学園高等学校
東京,堀越高等学校
東京,明治大学付属中野高等学校
東京,杉並学院高等学校
東京,光塩女子学院高等科
東京,佼成学園高等学校
東京,國學院大學久我山高等学校
東京,文化学園大学杉並高等学校
東京,女子美術大学付属高等学校
東京,専修大学附属高等学校
東京,中央大学杉並高等学校
東京,東京立正高等学校
東京,日本大学第二高等学校
東京,日本大学鶴ヶ丘高等学校
東京,立教女学院高等学校
東京,学習院高等科
東京,川村高等学校
東京,十文字高等学校
東京,城西大学附属城西高等学校
東京,昭和鉄道高等学校
東京,巣鴨高等学校
東京,巣鴨商業高等学校
東京,淑徳巣鴨高等学校
東京,東京音楽大学付属高等学校
東京,豊島学院高等学校
東京,豊島岡女子学園高等学校
東京,豊南高等学校
東京,本郷高等学校
東京,立教池袋高等学校
東京,安部学院高等学校
東京,桜丘高等学校
東京,順天高等学校
東京,女子聖学院高等学校
東京,駿台学園高等学校
東京,聖学院高等学校
東京,サレジアン国際学園高等学校
東京,成立学園高等学校
東京,瀧野川女子学園高等学校
東京,東京成徳大学高等学校
東京,武蔵野高等学校
東京,開成高等学校
東京,北豊島高等学校
東京,淑徳高等学校
東京,城北高等学校
東京,大東文化大学第一高等学校
東京,帝京高等学校
東京,東京家政大学附属女子高等学校
東京,日本大学豊山女子高等学校
東京,国華高等学校
東京,英明フロンティア高等学校
東京,富士見高等学校
東京,武蔵高等学校
東京,早稲田大学高等学院
東京,足立学園高等学校
東京,潤徳女子高等学校
東京,共栄学園高等学校
東京,修徳高等学校
東京,愛国高等学校
東京,江戸川女子高等学校
東京,関東第一高等学校
東京,聖パウロ学園高等学校
東京,帝京八王子高等学校
東京,帝京大学高等学校
東京,工学院大学附属高等学校
東京,東京純心女子高等学校
東京,八王子学園八王子高等学校
東京,八王子実践高等学校
東京,共立女子第二高等学校
東京,明治大学付属八王子高等学校
東京,穎明館高等学校
東京,昭和第一学園高等学校
東京,立川女子高等学校
東京,聖徳学園高等学校
東京,吉祥女子高等学校
東京,成蹊高等学校
東京,藤村女子高等学校
東京,法政大学高等学校
東京,大成高等学校
東京,明星学園高等学校
東京,明星高等学校
東京,啓明学園高等学校
東京,明治大学付属明治高等学校
東京,ドルトン東京学園高等部
東京,晃華学園高等学校
東京,桐朋女子高等学校
東京,日本大学第三高等学校
東京,和光高等学校
東京,桜美林高等学校
東京,玉川学園高等部
東京,フェリシア高等学校
東京,東京電機大学高等学校
東京,中央大学附属高等学校
東京,国際基督教大学高等学校
東京,錦城高等学校
東京,白梅学園高等学校
東京,創価高等学校
東京,日本体育大学桜華高等学校
東京,明治学院東村山高等学校
東京,明法高等学校
東京,早稲田大学系属早稲田実業学校高等部
東京,国立音楽大学附属高等学校
東京,桐朋高等学校
東京,ＮＨＫ学園高等学校
東京,東星学園高等学校
東京,自由学園高等部
東京,拓殖大学第一高等学校
東京,大妻多摩高等学校
東京,多摩大学附属聖ケ丘高等学校
東京,駒沢学園女子高等学校
東京,東海大学菅生高等学校
東京,文華女子高等学校
東京,武蔵野大学高等学校
神奈川,神奈川県立鶴見高等学校
神奈川,神奈川県立鶴見総合高等学校
神奈川,神奈川県立神奈川工業高等学校
神奈川,神奈川県立神奈川総合高等学校
神奈川,神奈川県立横浜翠嵐高等学校
神奈川,神奈川県立城郷高等学校
神奈川,神奈川県立横浜平沼高等学校
神奈川,神奈川県立横浜緑ケ丘高等学校
神奈川,神奈川県立横浜立野高等学校
神奈川,神奈川県立横浜清陵高等学校
神奈川,神奈川県立横浜国際高等学校
神奈川,神奈川県立横浜南陵高等学校
神奈川,神奈川県立横浜明朋高等学校
神奈川,神奈川県立永谷高等学校
神奈川,神奈川県立光陵高等学校
神奈川,神奈川県立商工高等学校
神奈川,神奈川県立保土ケ谷高等学校
神奈川,神奈川県立希望ケ丘高等学校
神奈川,神奈川県立二俣川高等学校
神奈川,神奈川県立旭高等学校
神奈川,神奈川県立横浜旭陵高等学校
神奈川,神奈川県立磯子工業高等学校
神奈川,神奈川県立横浜氷取沢高等学校
神奈川,神奈川県立金沢総合高等学校
神奈川,神奈川県立釜利谷高等学校
神奈川,神奈川県立港北高等学校
神奈川,神奈川県立新羽高等学校
神奈川,神奈川県立岸根高等学校
神奈川,神奈川県立霧が丘高等学校
神奈川,神奈川県立白山高等学校
神奈川,神奈川県立市ケ尾高等学校
神奈川,神奈川県立田奈高等学校
神奈川,神奈川県立元石川高等学校
神奈川,神奈川県立川和高等学校
神奈川,神奈川県立荏田高等学校
神奈川,神奈川県立新栄高等学校
神奈川,神奈川県立舞岡高等学校
神奈川,神奈川県立横浜桜陽高等学校
神奈川,神奈川県立上矢部高等学校
神奈川,神奈川県立柏陽高等学校
神奈川,神奈川県立金井高等学校
神奈川,神奈川県立横浜栄高等学校
神奈川,神奈川県立松陽高等学校
神奈川,神奈川県立横浜緑園高等学校
神奈川,神奈川県立横浜修悠館高等学校
神奈川,神奈川県立瀬谷高等学校
神奈川,神奈川県立瀬谷西高等学校
神奈川,神奈川県立横浜瀬谷高等学校
神奈川,横浜市立戸塚高等学校
神奈川,横浜市立桜丘高等学校
神奈川,横浜市立金沢高等学校
神奈川,横浜市立南高等学校
神奈川,横浜市立東高等学校
神奈川,横浜市立横浜商業高等学校
神奈川,横浜市立みなと総合高等学校
神奈川,横浜市立横浜サイエンスフロンティア高等学校
神奈川,横浜市立横浜総合高等学校
神奈川,神奈川県立川崎高等学校
神奈川,神奈川県立大師高等学校
神奈川,神奈川県立川崎工科高等学校
神奈川,神奈川県立新城高等学校
神奈川,神奈川県立住吉高等学校
神奈川,神奈川県立川崎北高等学校
神奈川,神奈川県立多摩高等学校
神奈川,神奈川県立向の岡工業高等学校
神奈川,神奈川県立生田高等学校
神奈川,神奈川県立百合丘高等学校
神奈川,神奈川県立生田東高等学校
神奈川,神奈川県立菅高等学校
神奈川,神奈川県立麻生総合高等学校
神奈川,神奈川県立麻生高等学校
神奈川,川崎市立川崎高等学校
神奈川,川崎市立幸高等学校
神奈川,川崎市立川崎総合科学高等学校
神奈川,川崎市立橘高等学校
神奈川,川崎市立高津高等学校
神奈川,神奈川県立相原高等学校
神奈川,神奈川県立橋本高等学校
神奈川,神奈川県立相模原総合高等学校
神奈川,神奈川県立城山高等学校
神奈川,神奈川県立津久井高等学校
神奈川,神奈川県立上溝高等学校
神奈川,神奈川県立相模原高等学校
神奈川,神奈川県立上溝南高等学校
神奈川,神奈川県立相模原弥栄高等学校
神奈川,神奈川県立相模田名高等学校
神奈川,神奈川県立神奈川総合産業高等学校
神奈川,神奈川県立麻溝台高等学校
神奈川,神奈川県立上鶴間高等学校
神奈川,神奈川県立相模原城山高等学校
神奈川,神奈川県立横須賀高等学校
神奈川,神奈川県立横須賀大津高等学校
神奈川,神奈川県立横須賀工業高等学校
神奈川,神奈川県立海洋科学高等学校
神奈川,神奈川県立追浜高等学校
神奈川,神奈川県立津久井浜高等学校
神奈川,神奈川県立横須賀南高等学校
神奈川,横須賀市立横須賀総合高等学校
神奈川,神奈川県立平塚江南高等学校
神奈川,神奈川県立平塚農商高等学校
神奈川,神奈川県立平塚工科高等学校
神奈川,神奈川県立高浜高等学校
神奈川,神奈川県立平塚湘風高等学校
神奈川,神奈川県立鎌倉高等学校
神奈川,神奈川県立七里ガ浜高等学校
神奈川,神奈川県立大船高等学校
神奈川,神奈川県立深沢高等学校
神奈川,神奈川県立湘南高等学校
神奈川,神奈川県立藤沢西高等学校
神奈川,神奈川県立藤沢工科高等学校
神奈川,神奈川県立藤沢清流高等学校
神奈川,神奈川県立藤沢総合高等学校
神奈川,神奈川県立湘南台高等学校
神奈川,神奈川県立小田原高等学校
神奈川,神奈川県立小田原東高等学校
神奈川,神奈川県立西湘高等学校
神奈川,神奈川県立小田原城北工業高等学校
神奈川,神奈川県立茅ケ崎高等学校
神奈川,神奈川県立茅ケ崎北陵高等学校
神奈川,神奈川県立鶴嶺高等学校
神奈川,神奈川県立茅ケ崎西浜高等学校
神奈川,神奈川県立逗子高等学校
神奈川,神奈川県立逗葉高等学校
神奈川,神奈川県立逗子葉山高等学校
神奈川,神奈川県立三浦初声高等学校
神奈川,神奈川県立秦野高等学校
神奈川,神奈川県立秦野総合高等学校
神奈川,神奈川県立秦野曽屋高等学校
神奈川,神奈川県立厚木高等学校
神奈川,神奈川県立厚木東高等学校
神奈川,神奈川県立厚木商業高等学校
神奈川,神奈川県立厚木北高等学校
神奈川,神奈川県立厚木清南高等学校
神奈川,神奈川県立厚木西高等学校
神奈川,神奈川県立厚木王子高等学校
神奈川,神奈川県立大和高等学校
神奈川,神奈川県立大和南高等学校
神奈川,神奈川県立大和東高等学校
神奈川,神奈川県立大和西高等学校
神奈川,神奈川県立伊勢原高等学校
神奈川,神奈川県立伊志田高等学校
神奈川,神奈川県立中央農業高等学校
神奈川,神奈川県立海老名高等学校
神奈川,神奈川県立有馬高等学校
神奈川,神奈川県立座間高等学校
神奈川,神奈川県立座間総合高等学校
神奈川,神奈川県立相模向陽館高等学校
神奈川,神奈川県立足柄高等学校
神奈川,神奈川県立綾瀬高等学校
神奈川,神奈川県立綾瀬西高等学校
神奈川,神奈川県立寒川高等学校
神奈川,神奈川県立大磯高等学校
神奈川,神奈川県立二宮高等学校
神奈川,神奈川県立大井高等学校
神奈川,神奈川県立山北高等学校
神奈川,神奈川県立吉田島高等学校
神奈川,神奈川県立愛川高等学校
神奈川,白鵬女子高等学校
神奈川,聖ヨゼフ学園高等学校
神奈川,橘学苑高等学校
神奈川,鶴見大学附属高等学校
神奈川,法政大学国際高等学校
神奈川,浅野高等学校
神奈川,神奈川学園高等学校
神奈川,横浜創英高等学校
神奈川,捜真女学校高等学部
神奈川,聖光学院高等学校
神奈川,フェリス女学院高等学校
神奈川,横浜共立学園高等学校
神奈川,横浜女学院高等学校
神奈川,横浜雙葉高等学校
神奈川,関東学院高等学校
神奈川,青山学院横浜英和高等学校
神奈川,横浜清風高等学校
神奈川,横浜学園高等学校
神奈川,関東学院六浦高等学校
神奈川,横浜高等学校
神奈川,横浜創学館高等学校
神奈川,慶應義塾高等学校
神奈川,英理女子学院高等学校
神奈川,日本大学高等学校
神奈川,武相高等学校
神奈川,公文国際学園高等部
神奈川,山手学院高等学校
神奈川,横浜商科大学高等学校
神奈川,星槎高等学校
神奈川,横浜富士見丘学園高等学校
神奈川,森村学園高等部
神奈川,神奈川大学附属高等学校
神奈川,横浜翠陵高等学校
神奈川,横浜隼人高等学校
神奈川,桐蔭学園高等学校
神奈川,サレジオ学院高等学校
神奈川,中央大学附属横浜高等学校
神奈川,清心女子高等学校
神奈川,秀英高等学校
神奈川,大西学園高等学校
神奈川,法政大学第二高等学校
神奈川,洗足学園高等学校
神奈川,カリタス女子高等学校
神奈川,日本女子大学附属高等学校
神奈川,桐光学園高等学校
神奈川,シュタイナー学園高等部
神奈川,麻布大学附属高等学校
神奈川,相模女子大学高等部
神奈川,相模原高等学校
神奈川,東海大学付属相模高等学校
神奈川,湘南学院高等学校
神奈川,三浦学苑高等学校
神奈川,緑ヶ丘女子高等学校
神奈川,横須賀学院高等学校
神奈川,平塚学園高等学校
神奈川,栄光学園高等学校
神奈川,鎌倉学園高等学校
神奈川,鎌倉女学院高等学校
神奈川,北鎌倉女子学園高等学校
神奈川,鎌倉女子大学高等部
神奈川,清泉女学院高等学校
神奈川,鵠沼高等学校
神奈川,湘南工科大学附属高等学校
神奈川,湘南学園高等学校
神奈川,湘南白百合学園高等学校
神奈川,日本大学藤沢高等学校
神奈川,藤嶺学園藤沢高等学校
神奈川,藤沢翔陵高等学校
神奈川,聖園女学院高等学校
神奈川,慶應義塾湘南藤沢高等部
神奈川,旭丘高等学校
神奈川,相洋高等学校
神奈川,湘南ライナス学園高等部
神奈川,アレセイア湘南高等学校
神奈川,聖和学院高等学校
神奈川,逗子開成高等学校
神奈川,厚木中央高等学校
神奈川,聖セシリア女子高等学校
神奈川,柏木学園高等学校
神奈川,向上高等学校
神奈川,立花学園高等学校
神奈川,鹿島山北高等学校
神奈川,函嶺白百合学園高等学校
新潟,新潟県立豊栄高等学校
新潟,新潟県立新潟東高等学校
新潟,新潟県立新潟北高等学校
新潟,新潟県立新潟高等学校
新潟,新潟県立新潟中央高等学校
新潟,新潟県立新潟南高等学校
新潟,新潟県立新潟商業高等学校
新潟,新潟県立新潟江南高等学校
新潟,新潟市立万代高等学校
新潟,新潟市立明鏡高等学校
新潟,新潟県立新潟向陽高等学校
新潟,新潟県立新津高等学校
新潟,新潟県立新津工業高等学校
新潟,新潟県立新津南高等学校
新潟,新潟県立白根高等学校
新潟,新潟県立新潟工業高等学校
新潟,新潟県立新潟西高等学校
新潟,新潟県立新潟翠江高等学校
新潟,新潟県立巻高等学校
新潟,新潟県立巻総合高等学校
新潟,新潟県立長岡高等学校
新潟,新潟県立長岡大手高等学校
新潟,新潟県立長岡農業高等学校
新潟,新潟県立長岡工業高等学校
新潟,新潟県立長岡商業高等学校
新潟,新潟県立長岡明徳高等学校
新潟,新潟県立長岡向陵高等学校
新潟,新潟県立栃尾高等学校
新潟,新潟県立正徳館高等学校
新潟,新潟県立三条高等学校
新潟,新潟県立三条東高等学校
新潟,新潟県立三条商業高等学校
新潟,新潟県立新潟県央工業高等学校
新潟,新潟県立柏崎高等学校
新潟,新潟県立柏崎常盤高等学校
新潟,新潟県立柏崎総合高等学校
新潟,新潟県立柏崎工業高等学校
新潟,新潟県立新発田高等学校
新潟,新潟県立西新発田高等学校
新潟,新潟県立新発田農業高等学校
新潟,新潟県立新発田南高等学校豊浦分校
新潟,新潟県立新発田南高等学校
新潟,新潟県立新発田商業高等学校
新潟,新潟県立小千谷高等学校
新潟,新潟県立小千谷西高等学校
新潟,新潟県立加茂高等学校
新潟,新潟県立加茂農林高等学校
新潟,新潟県立十日町高等学校
新潟,新潟県立十日町総合高等学校
新潟,新潟県立十日町高等学校松之山分校
新潟,新潟県立松代高等学校
新潟,新潟県立見附高等学校
新潟,新潟県立村上高等学校
新潟,新潟県立村上桜ヶ丘高等学校
新潟,新潟県立荒川高等学校
新潟,新潟県立分水高等学校
新潟,新潟県立吉田高等学校
新潟,新潟県立糸魚川高等学校
新潟,新潟県立糸魚川白嶺高等学校
新潟,新潟県立海洋高等学校
新潟,新潟県立新井高等学校
新潟,新潟県立五泉高等学校
新潟,新潟県立村松高等学校
新潟,新潟県立高田高等学校
新潟,新潟県立高田北城高等学校
新潟,新潟県立高田農業高等学校
新潟,新潟県立上越総合技術高等学校
新潟,新潟県立高田商業高等学校
新潟,新潟県立高田南城高等学校
新潟,新潟県立高田高等学校安塚分校
新潟,新潟県立久比岐高等学校
新潟,新潟県立有恒高等学校
新潟,新潟県立阿賀野高等学校
新潟,新潟県立佐渡高等学校相川分校
新潟,新潟県立佐渡高等学校
新潟,新潟県立佐渡総合高等学校
新潟,新潟県立羽茂高等学校
新潟,新潟県立堀之内高等学校
新潟,新潟県立小出高等学校
新潟,新潟県立塩沢商工高等学校
新潟,新潟県立六日町高等学校
新潟,新潟県立国際情報高等学校
新潟,新潟県立八海高等学校
新潟,新潟県立中条高等学校
新潟,新潟県立阿賀黎明高等学校
新潟,新潟県立出雲崎高等学校
新潟,敬和学園高等学校
新潟,北越高等学校
新潟,新潟青陵高等学校
新潟,新潟第一高等学校
新潟,東京学館新潟高等学校
新潟,開志学園高等学校
新潟,新潟明訓高等学校
新潟,新潟清心女子高等学校
新潟,日本文理高等学校
新潟,開志創造高等学校
新潟,帝京長岡高等学校
新潟,中越高等学校
新潟,長岡英智高等学校
新潟,新潟産業大学附属高等学校
新潟,新発田中央高等学校
新潟,加茂暁星高等学校
新潟,創進学園高等学校
新潟,上越高等学校
新潟,関根学園高等学校
新潟,開志国際高等学校
富山,富山県立中央農業高等学校
富山,富山県立八尾高等学校
富山,富山県立富山西高等学校
富山,富山県立富山高等学校
富山,富山県立富山中部高等学校
富山,富山県立富山北部高等学校
富山,富山県立富山工業高等学校
富山,富山県立富山商業高等学校
富山,富山県立富山いずみ高等学校
富山,富山県立富山東高等学校
富山,富山県立富山南高等学校
富山,富山県立水橋高等学校
富山,富山県立呉羽高等学校
富山,富山県立雄峰高等学校
富山,富山県立高岡高等学校
富山,富山県立高岡西高等学校
富山,富山県立高岡工芸高等学校
富山,富山県立高岡商業高等学校
富山,富山県立伏木高等学校
富山,富山県立高岡南高等学校
富山,富山県立志貴野高等学校
富山,富山県立福岡高等学校
富山,富山県立新川みどり野高等学校
富山,富山県立魚津高等学校
富山,富山県立魚津工業高等学校
富山,富山県立氷見高等学校
富山,富山県立滑川高等学校
富山,富山県立桜井高等学校
富山,富山県立砺波高等学校
富山,富山県立砺波工業高等学校
富山,富山県立石動高等学校
富山,富山県立石動高等学校小矢部園芸高等学校
富山,富山県立となみ野高等学校
富山,富山県立南砺福野高等学校
富山,富山県立南砺平高等学校
富山,富山県立南砺福光高等学校
富山,富山県立小杉高等学校
富山,富山県立大門高等学校
富山,富山県立新湊高等学校
富山,富山県立上市高等学校
富山,富山県立雄山高等学校
富山,富山県立入善高等学校
富山,富山県立泊高等学校
富山,不二越工業高等学校
富山,龍谷富山高等学校
富山,富山第一高等学校
富山,高朋高等学校
富山,富山国際大学付属高等学校
富山,片山学園高等学校
富山,学校法人高岡第一学園高岡第一高等学校
富山,高岡向陵高等学校
富山,高岡龍谷高等学校
富山,新川高等学校
石川,金沢大学人間社会学域学校教育学類附属高等学校
石川,石川県立金沢錦丘高等学校
石川,石川県立金沢泉丘高等学校
石川,石川県立金沢二水高等学校
石川,石川県立金沢伏見高等学校
石川,石川県立金沢商業高等学校
石川,石川県立工業高等学校
石川,石川県立金沢桜丘高等学校
石川,石川県立金沢北陵高等学校
石川,石川県立金沢中央高等学校
石川,石川県立金沢向陽高等学校
石川,金沢市立工業高等学校
石川,石川県立金沢西高等学校
石川,石川県立金沢辰巳丘高等学校
石川,石川県立七尾高等学校
石川,石川県立七尾城北高等学校
石川,石川県立七尾東雲高等学校
石川,石川県立田鶴浜高等学校
石川,石川県立小松商業高等学校
石川,石川県立小松工業高等学校
石川,石川県立小松高等学校
石川,石川県立小松北高等学校
石川,小松市立高等学校
石川,石川県立小松明峰高等学校
石川,石川県立輪島高等学校
石川,石川県立門前高等学校
石川,石川県立飯田高等学校
石川,石川県立大聖寺実業高等学校
石川,石川県立大聖寺高等学校
石川,石川県立加賀聖城高等学校
石川,石川県立加賀高等学校
石川,石川県立羽咋高等学校
石川,石川県立羽咋工業高等学校
石川,石川県立羽松高等学校
石川,石川県立松任高等学校
石川,石川県立翠星高等学校
石川,石川県立鶴来高等学校
石川,石川県立寺井高等学校
石川,石川県立野々市明倫高等学校
石川,石川県立津幡高等学校
石川,石川県立内灘高等学校
石川,石川県立志賀高等学校
石川,石川県立宝達高等学校
石川,石川県立鹿西高等学校
石川,石川県立穴水高等学校
石川,石川県立能登高等学校
石川,金沢高等学校
石川,金沢学院大学附属高等学校
石川,遊学館高等学校
石川,金沢龍谷高等学校
石川,北陸学院高等学校
石川,星稜高等学校
石川,鵬学園高等学校
石川,小松大谷高等学校
石川,日本航空高等学校石川
石川,叡明館（高等部）
石川,美川特区アットマーク国際高等学校
福井,福井県立藤島高等学校
福井,福井県立高志高等学校
福井,福井県立羽水高等学校
福井,福井県立三国高等学校
福井,福井県立丸岡高等学校
福井,福井県立大野高等学校
福井,福井県立勝山高等学校
福井,福井県立鯖江高等学校
福井,福井県立丹生高等学校
福井,福井県立武生高等学校
福井,福井県立敦賀高等学校
福井,福井県立若狭高等学校
福井,福井県立福井農林高等学校
福井,福井県立若狭東高等学校
福井,福井県立武生工業高等学校
福井,福井県立敦賀工業高等学校
福井,福井県立福井商業高等学校
福井,福井県立武生商業高等学校
福井,福井県立美方高等学校
福井,福井県立道守高等学校
福井,福井県立科学技術高等学校
福井,福井県立足羽高等学校
福井,福井県立丹南高等学校
福井,福井県立金津高等学校
福井,福井県立武生東高等学校
福井,福井県立奥越明成高等学校
福井,福井県立坂井高等学校
福井,福井県立武生商工高等学校
福井,北陸高等学校
福井,仁愛女子高等学校
福井,福井工業大学附属福井高等学校
福井,啓新高等学校
福井,敦賀国際令和高等学校
福井,敦賀気比高等学校
福井,福井南高等学校
福井,ＡＯＩＫＥ高等学校
山梨,山梨県立韮崎高等学校
山梨,山梨県立韮崎工業高等学校
山梨,山梨県立甲府第一高等学校
山梨,山梨県立甲府西高等学校
山梨,山梨県立甲府南高等学校
山梨,山梨県立甲府工業高等学校
山梨,山梨県立農林高等学校
山梨,山梨県立巨摩高等学校
山梨,山梨県立増穂商業高等学校
山梨,山梨県立市川高等学校
山梨,山梨県立峡南高等学校
山梨,山梨県立身延高等学校
山梨,山梨県立日川高等学校
山梨,山梨県立山梨高等学校
山梨,山梨県立塩山高等学校
山梨,山梨県立都留高等学校
山梨,山梨県立吉田高等学校
山梨,甲府市立甲府商業高等学校
山梨,北杜市立甲陵高等学校
山梨,山梨県立中央高等学校
山梨,山梨県立甲府東高等学校
山梨,山梨県立富士河口湖高等学校
山梨,山梨県立上野原高等学校
山梨,山梨県立甲府昭和高等学校
山梨,山梨県立白根高等学校
山梨,山梨県立甲府城西高等学校
山梨,山梨県立北杜高等学校
山梨,山梨県立富士北稜高等学校
山梨,山梨県立ひばりが丘高等学校
山梨,山梨県立笛吹高等学校
山梨,山梨県立都留興譲館高等学校
山梨,山梨県立青洲高等学校
山梨,山梨英和高等学校
山梨,甲斐清和高等学校
山梨,駿台甲府高等学校
山梨,山梨学院高等学校
山梨,東海大学付属甲府高等学校
山梨,日本航空高等学校
山梨,帝京第三高等学校
山梨,身延山高等学校
山梨,日本大学明誠高等学校
山梨,富士学苑高等学校
山梨,自然学園高等学校
山梨,帝京第三高等学校
長野,長野県長野高等学校
長野,長野県長野西高等学校
長野,長野県長野吉田高等学校
長野,長野県長野工業高等学校
長野,長野県長野商業高等学校
長野,長野県篠ノ井高等学校
長野,長野県更級農業高等学校
長野,長野県松代高等学校
長野,長野県長野吉田高等学校戸隠分校
長野,長野県長野東高等学校
長野,長野県長野南高等学校
長野,長野市立長野高等学校
長野,長野県篠ノ井高等学校犀峡校
長野,長野県長野西高等学校中条校
長野,長野県松本深志高等学校
長野,長野県松本県ケ丘高等学校
長野,長野県松本蟻ケ崎高等学校
長野,長野県松本工業高等学校
長野,長野県松本美須々ケ丘高等学校
長野,長野県松本筑摩高等学校
長野,長野県梓川高等学校
長野,長野県上田高等学校
長野,長野県上田染谷丘高等学校
長野,長野県上田東高等学校
長野,長野県上田千曲高等学校
長野,長野県丸子修学館高等学校
長野,長野県岡谷東高等学校
長野,長野県岡谷工業高等学校
長野,長野県岡谷南高等学校
長野,長野県飯田風越高等学校
長野,長野県飯田ＯＩＤＥ長姫高等学校
長野,長野県下伊那農業高等学校
長野,長野県飯田高等学校
長野,長野県諏訪清陵高等学校
長野,長野県諏訪二葉高等学校
長野,長野県諏訪実業高等学校
長野,長野県須坂高等学校
長野,長野県須坂東高等学校
長野,長野県須坂創成高等学校
長野,長野県小諸高等学校
長野,長野県小諸商業高等学校
長野,長野県伊那北高等学校
長野,長野県伊那弥生ケ丘高等学校
長野,長野県高遠高等学校
長野,長野県赤穂高等学校
長野,長野県駒ケ根工業高等学校
長野,長野県中野西高等学校
長野,長野県中野立志館高等学校
長野,長野県大町岳陽高等学校
長野,長野県飯山高等学校
長野,長野県茅野高等学校
長野,長野県塩尻志学館高等学校
長野,長野県田川高等学校
長野,長野県野沢北高等学校
長野,長野県岩村田高等学校
長野,長野県野沢南高等学校
長野,長野県佐久平総合技術高等学校
長野,長野県望月高等学校
長野,長野県屋代高等学校
長野,長野県屋代南高等学校
長野,長野県東御清翔高等学校
長野,長野県明科高等学校
長野,長野県豊科高等学校
長野,長野県南安曇農業高等学校
長野,長野県穂高商業高等学校
長野,長野県小海高等学校
長野,長野県軽井沢高等学校
長野,長野県蓼科高等学校
長野,長野県下諏訪向陽高等学校
長野,長野県富士見高等学校
長野,長野県辰野高等学校
長野,長野県箕輪進修高等学校
長野,長野県上伊那農業高等学校
長野,長野県松川高等学校
長野,長野県阿南高等学校
長野,長野県阿智高等学校
長野,長野県蘇南高等学校
長野,長野県木曽青峰高等学校
長野,長野県池田工業高等学校
長野,長野県白馬高等学校
長野,長野県坂城高等学校
長野,長野県下高井農林高等学校
長野,長野県北部高等学校
長野,長野清泉女学院高等学校
長野,長野女子高等学校
長野,文化学園長野高等学校
長野,長野日本大学高等学校
長野,長野俊英高等学校
長野,ステップ高等学校
長野,松商学園高等学校
長野,松本国際高等学校
長野,エクセラン高等学校
長野,信濃むつみ高等学校
長野,松本第一高等学校
長野,上田西高等学校
長野,さくら国際高等学校
長野,コードアカデミー高等学校
長野,飯田女子高等学校
長野,伊那西高等学校
長野,東海大学付属諏訪高等学校
長野,東京都市大学塩尻高等学校
長野,佐久長聖高等学校
長野,地球環境高等学校
長野,ＩＤ学園高等学校
長野,ユナイテッド・ワールド・カレッジＩＳＡＫジャパン
長野,つくば開成学園高等学校
長野,天龍興譲高等学校
長野,緑誠蘭高等学校
長野,日本ウェルネス長野高等学校
岐阜,岐阜県立岐阜高等学校
岐阜,岐阜県立岐阜北高等学校
岐阜,岐阜県立長良高等学校
岐阜,岐阜県立岐山高等学校
岐阜,岐阜県立加納高等学校
岐阜,岐阜県立羽島北高等学校
岐阜,岐阜県立岐阜総合学園高等学校
岐阜,岐阜県立岐阜城北高等学校
岐阜,岐阜県立岐阜商業高等学校
岐阜,岐阜県立岐南工業高等学校
岐阜,岐阜県立華陽フロンティア高等学校
岐阜,岐阜市立岐阜商業高等学校
岐阜,岐阜県立大垣北高等学校
岐阜,岐阜県立大垣南高等学校
岐阜,岐阜県立大垣東高等学校
岐阜,岐阜県立大垣西高等学校
岐阜,岐阜県立大垣商業高等学校
岐阜,岐阜県立大垣工業高等学校
岐阜,岐阜県立大垣桜高等学校
岐阜,岐阜県立斐太高等学校
岐阜,岐阜県立飛騨高山高等学校
岐阜,岐阜県立高山工業高等学校
岐阜,岐阜県立多治見高等学校
岐阜,岐阜県立多治見北高等学校
岐阜,岐阜県立多治見工業高等学校
岐阜,岐阜県立関有知高等学校
岐阜,岐阜県立関高等学校
岐阜,関市立関商工高等学校
岐阜,岐阜県立中津高等学校
岐阜,岐阜県立坂下高等学校
岐阜,岐阜県立中津商業高等学校
岐阜,岐阜県立中津川工業高等学校
岐阜,中津川市立阿木高等学校
岐阜,岐阜県立武義高等学校
岐阜,岐阜県立瑞浪高等学校
岐阜,岐阜県立羽島高等学校
岐阜,岐阜県立恵那高等学校
岐阜,岐阜県立恵那南高等学校
岐阜,岐阜県立恵那農業高等学校
岐阜,岐阜県立加茂高等学校
岐阜,岐阜県立加茂農林高等学校
岐阜,岐阜県立土岐紅陵高等学校
岐阜,岐阜県立土岐商業高等学校
岐阜,岐阜県立東濃フロンティア高等学校
岐阜,岐阜県立各務原高等学校
岐阜,岐阜県立各務原西高等学校
岐阜,岐阜県立岐阜各務野高等学校
岐阜,岐阜県立可児高等学校
岐阜,岐阜県立可児工業高等学校
岐阜,岐阜県立山県高等学校
岐阜,岐阜県立吉城高等学校
岐阜,岐阜県立飛騨神岡高等学校
岐阜,岐阜県立本巣松陽高等学校
岐阜,岐阜県立郡上北高等学校
岐阜,岐阜県立郡上高等学校
岐阜,岐阜県立益田清風高等学校
岐阜,岐阜県立海津明誠高等学校
岐阜,岐阜県立岐阜工業高等学校
岐阜,岐阜県立大垣養老高等学校
岐阜,岐阜県立不破高等学校
岐阜,岐阜県立揖斐高等学校
岐阜,岐阜県立池田高等学校
岐阜,岐阜県立岐阜農林高等学校
岐阜,岐阜県立八百津高等学校
岐阜,岐阜県立東濃高等学校
岐阜,岐阜県立東濃実業高等学校
岐阜,鶯谷高等学校
岐阜,富田高等学校
岐阜,岐阜東高等学校
岐阜,済美高等学校
岐阜,岐阜聖徳学園高等学校
岐阜,聖マリア女学院高等学校
岐阜,城南高等学校
岐阜,啓晴高等学校
岐阜,ぎふ国際高等学校
岐阜,大垣日本大学高等学校
岐阜,清凌高等学校
岐阜,西濃桃李高等学校
岐阜,高山西高等学校
岐阜,多治見西高等学校
岐阜,麗澤瑞浪高等学校
岐阜,中京高等学校
岐阜,美濃加茂高等学校
岐阜,帝京大学可児高等学校
岐阜,岐阜第一高等学校
岐阜,岐阜女子高等学校
岐阜,西濃学園高等学校
静岡,静岡県立松崎高等学校
静岡,静岡県立稲取高等学校
静岡,静岡県立伊東高等学校
静岡,静岡県立伊東商業高等学校
静岡,静岡県立熱海高等学校
静岡,静岡県立韮山高等学校
静岡,静岡県立田方農業高等学校
静岡,静岡県立三島南高等学校
静岡,静岡県立三島北高等学校
静岡,静岡県立御殿場高等学校
静岡,静岡県立御殿場南高等学校
静岡,静岡県立裾野高等学校
静岡,静岡県立沼津東高等学校
静岡,静岡県立沼津西高等学校
静岡,静岡県立沼津城北高等学校
静岡,静岡県立沼津工業高等学校
静岡,静岡県立沼津商業高等学校
静岡,静岡県立吉原高等学校
静岡,静岡県立吉原工業高等学校
静岡,静岡県立富士高等学校
静岡,静岡県立富士宮東高等学校
静岡,静岡県立富士宮北高等学校
静岡,静岡県立富岳館高等学校
静岡,静岡県立富士東高等学校
静岡,静岡県立伊豆中央高等学校
静岡,静岡県立富士宮西高等学校
静岡,静岡県立伊東高等学校城ヶ崎分校
静岡,静岡県立三島長陵高等学校
静岡,静岡県立小山高等学校
静岡,静岡県立下田高等学校
静岡,静岡県立下田高等学校南伊豆分校
静岡,静岡県立伊豆総合高等学校
静岡,静岡県立清水東高等学校
静岡,静岡県立清水西高等学校
静岡,静岡県立清水南高等学校
静岡,静岡県立静岡高等学校
静岡,静岡県立静岡城北高等学校
静岡,静岡県立静岡東高等学校
静岡,静岡県立静岡農業高等学校
静岡,静岡県立静岡商業高等学校
静岡,静岡県立焼津中央高等学校
静岡,静岡県立焼津水産高等学校
静岡,静岡県立藤枝東高等学校
静岡,静岡県立藤枝西高等学校
静岡,静岡県立藤枝北高等学校
静岡,静岡県立島田高等学校
静岡,静岡県立島田工業高等学校
静岡,静岡県立島田商業高等学校
静岡,静岡県立金谷高等学校
静岡,静岡県立川根高等学校
静岡,静岡県立榛原高等学校
静岡,静岡県立相良高等学校
静岡,静岡県立掛川東高等学校
静岡,静岡県立掛川西高等学校
静岡,静岡県立掛川工業高等学校
静岡,静岡県立小笠高等学校
静岡,静岡県立池新田高等学校
静岡,静岡県立横須賀高等学校
静岡,静岡県立静岡西高等学校
静岡,静岡県立静岡中央高等学校
静岡,静岡県立科学技術高等学校
静岡,静岡県立袋井商業高等学校
静岡,静岡県立磐田南高等学校
静岡,静岡県立磐田北高等学校
静岡,静岡県立磐田農業高等学校
静岡,静岡県立磐田西高等学校
静岡,静岡県立浜松北高等学校
静岡,静岡県立浜松西高等学校
静岡,静岡県立浜松南高等学校
静岡,静岡県立浜松湖東高等学校
静岡,静岡県立浜松工業高等学校
静岡,静岡県立浜松城北工業高等学校
静岡,静岡県立浜松商業高等学校
静岡,静岡県立浜名高等学校
静岡,静岡県立新居高等学校
静岡,静岡県立浜松東高等学校
静岡,静岡県立袋井高等学校
静岡,静岡県立浜北西高等学校
静岡,静岡県立湖西高等学校
静岡,静岡県立浜松湖南高等学校
静岡,静岡県立浜松江之島高等学校
静岡,静岡県立浜松大平台高等学校
静岡,静岡県立遠江総合高等学校
静岡,静岡県立駿河総合高等学校
静岡,静岡県立清流館高等学校
静岡,静岡県立天竜高等学校
静岡,静岡県立天竜高等学校春野校舎
静岡,静岡県立浜松湖北高等学校
静岡,静岡県立伊豆総合高等学校土肥分校
静岡,静岡県立浜松湖北高等学校佐久間分校
静岡,沼津市立沼津高等学校
静岡,富士市立高等学校
静岡,静岡市立高等学校
静岡,浜松市立高等学校
静岡,静岡市立清水桜が丘高等学校
静岡,静岡県立伊豆伊東高等学校
静岡,静岡県立ふじのくに国際高等学校
静岡,知徳高等学校
静岡,不二聖心女子学院高等学校
静岡,日本大学三島高等学校
静岡,沼津中央高等学校
静岡,飛龍高等学校
静岡,加藤学園高等学校
静岡,誠恵高等学校
静岡,御殿場西高等学校
静岡,静岡県富士見高等学校
静岡,星陵高等学校
静岡,桐陽高等学校
静岡,加藤学園暁秀高等学校
静岡,菊川南陵高等学校
静岡,清水国際高等学校
静岡,静岡サレジオ高等学校
静岡,東海大学付属静岡翔洋高等学校
静岡,静清高等学校
静岡,静岡大成高等学校
静岡,静岡英和女学院高等学校
静岡,静岡雙葉高等学校
静岡,城南静岡高等学校
静岡,静岡女子高等学校
静岡,常葉大学附属常葉高等学校
静岡,常葉大学附属橘高等学校
静岡,静岡北高等学校
静岡,静岡学園高等学校
静岡,焼津高等学校
静岡,藤枝順心高等学校
静岡,島田樟誠高等学校
静岡,静岡聖光学院高等学校
静岡,常葉大学附属菊川高等学校
静岡,藤枝明誠高等学校
静岡,磐田東高等学校
静岡,浜松学院興誠高等学校
静岡,静岡県西遠女子学園高等学校
静岡,浜松開誠館高等学校
静岡,浜松学芸高等学校
静岡,浜松修学舎高等学校
静岡,浜松聖星高等学校
静岡,浜松日体高等学校
静岡,聖隷クリストファー高等学校
静岡,オイスカ浜松国際高等学校
静岡,浜松啓陽高等学校
静岡,キラリ高等学校
静岡,静岡学園なごみ高等学校
愛知,名古屋大学教育学部附属高等学校
愛知,愛知教育大学附属高等学校
愛知,愛知県立明和高等学校
愛知,愛知県立旭丘高等学校
愛知,愛知県立名古屋西高等学校
愛知,愛知県立中村高等学校
愛知,愛知県立松蔭高等学校
愛知,愛知県立惟信高等学校
愛知,愛知県立熱田高等学校
愛知,愛知県立瑞陵高等学校
愛知,愛知県立昭和高等学校
愛知,愛知県立千種高等学校
愛知,愛知県立愛知商業高等学校
愛知,愛知県立中川青和高等学校
愛知,愛知県立緑丘高等学校
愛知,愛知県立名古屋工科高等学校
愛知,愛知県立旭陵高等学校
愛知,愛知県立瀬戸高等学校
愛知,愛知県立瀬戸工科高等学校
愛知,愛知県立春日井高等学校
愛知,愛知県立長久手高等学校
愛知,愛知県立東郷高等学校
愛知,愛知県立春日井泉高等学校
愛知,愛知県立旭野高等学校
愛知,愛知県立南陽高等学校
愛知,愛知県立守山高等学校
愛知,愛知県立春日井西高等学校
愛知,愛知県立鳴海高等学校
愛知,愛知県立豊明高等学校
愛知,愛知県立天白高等学校
愛知,愛知県立瀬戸西高等学校
愛知,愛知県立春日井東高等学校
愛知,愛知県立日進高等学校
愛知,愛知県立高蔵寺高等学校
愛知,愛知県立春日井工科高等学校
愛知,愛知県立日進西高等学校
愛知,愛知県立名古屋南高等学校
愛知,愛知県立瀬戸北総合高等学校
愛知,愛知県立春日井南高等学校
愛知,愛知県立愛知総合工科高等学校
愛知,愛知県立城北つばさ高等学校
愛知,愛知県立小牧高等学校
愛知,愛知県立尾北高等学校
愛知,愛知県立古知野高等学校
愛知,愛知県立犬山高等学校
愛知,愛知県立小牧工科高等学校
愛知,愛知県立岩倉総合高等学校
愛知,愛知県立丹羽高等学校
愛知,愛知県立犬山総合高等学校
愛知,愛知県立江南高等学校
愛知,愛知県立小牧南高等学校
愛知,愛知県立一宮高等学校
愛知,愛知県立一宮商業高等学校
愛知,愛知県立一宮工科高等学校
愛知,愛知県立木曽川高等学校
愛知,愛知県立一宮起工科高等学校
愛知,愛知県立稲沢高等学校
愛知,愛知県立一宮西高等学校
愛知,愛知県立稲沢東高等学校
愛知,愛知県立一宮北高等学校
愛知,愛知県立尾西高等学校
愛知,愛知県立西春高等学校
愛知,愛知県立一宮南高等学校
愛知,愛知県立一宮興道高等学校
愛知,愛知県立新川高等学校
愛知,愛知県立杏和高等学校
愛知,愛知県立津島高等学校
愛知,愛知県立津島北高等学校
愛知,愛知県立佐屋高等学校
愛知,愛知県立五条高等学校
愛知,愛知県立愛西工科高等学校
愛知,愛知県立津島東高等学校
愛知,愛知県立美和高等学校
愛知,愛知県立海翔高等学校
愛知,愛知県立半田高等学校
愛知,愛知県立半田商業高等学校
愛知,愛知県立半田工科高等学校
愛知,愛知県立半田農業高等学校
愛知,愛知県立大府高等学校
愛知,愛知県立横須賀高等学校
愛知,愛知県立内海高等学校
愛知,愛知県立桃陵高等学校
愛知,愛知県立東海樟風高等学校
愛知,愛知県立東浦高等学校
愛知,愛知県立武豊高等学校
愛知,愛知県立東海南高等学校
愛知,愛知県立阿久比高等学校
愛知,愛知県立半田東高等学校
愛知,愛知県立大府東高等学校
愛知,愛知県立知多翔洋高等学校
愛知,愛知県立常滑高等学校
愛知,愛知県立岡崎高等学校
愛知,愛知県立岡崎北高等学校
愛知,愛知県立岩津高等学校
愛知,愛知県立岡崎商業高等学校
愛知,愛知県立岡崎工科高等学校
愛知,愛知県立西尾高等学校
愛知,愛知県立鶴城丘高等学校
愛知,愛知県立吉良高等学校
愛知,愛知県立幸田高等学校
愛知,愛知県立岡崎東高等学校
愛知,愛知県立西尾東高等学校
愛知,愛知県立岡崎西高等学校
愛知,愛知県立刈谷高等学校
愛知,愛知県立刈谷工科高等学校
愛知,愛知県立刈谷北高等学校
愛知,愛知県立碧南高等学校
愛知,愛知県立知立高等学校
愛知,愛知県立一色高等学校
愛知,愛知県立安城高等学校
愛知,愛知県立安城農林高等学校
愛知,愛知県立高浜高等学校
愛知,愛知県立刈谷東高等学校
愛知,愛知県立碧南工科高等学校
愛知,愛知県立安城東高等学校
愛知,愛知県立安城南高等学校
愛知,愛知県立知立東高等学校
愛知,愛知県立豊田西高等学校
愛知,愛知県立豊田東高等学校
愛知,愛知県立猿投農林高等学校
愛知,愛知県立豊田工科高等学校
愛知,愛知県立加茂丘高等学校
愛知,愛知県立衣台高等学校
愛知,愛知県立三好高等学校
愛知,愛知県立豊田北高等学校
愛知,愛知県立豊田南高等学校
愛知,愛知県立豊田高等学校
愛知,愛知県立豊野高等学校
愛知,愛知県立足助高等学校
愛知,愛知県立松平高等学校
愛知,愛知県立新城高等学校
愛知,愛知県立新城東高等学校
愛知,愛知県立新城有教館高等学校
愛知,愛知県立新城有教館高等学校作手校舎
愛知,愛知県立田口高等学校
愛知,愛知県立時習館高等学校
愛知,愛知県立豊橋工科高等学校
愛知,愛知県立成章高等学校
愛知,愛知県立渥美農業高等学校
愛知,愛知県立福江高等学校
愛知,愛知県立宝陵高等学校
愛知,愛知県立御津あおば高等学校
愛知,愛知県立豊橋商業高等学校
愛知,愛知県立豊橋東高等学校
愛知,愛知県立豊丘高等学校
愛知,愛知県立国府高等学校
愛知,愛知県立豊川工科高等学校
愛知,愛知県立蒲郡高等学校
愛知,愛知県立三谷水産高等学校
愛知,愛知県立蒲郡東高等学校
愛知,愛知県立豊橋南高等学校
愛知,愛知県立小坂井高等学校
愛知,愛知県立豊橋西高等学校
愛知,名古屋市立名古屋商業高等学校
愛知,名古屋市立菊里高等学校
愛知,名古屋市立工芸高等学校
愛知,名古屋市立北高等学校
愛知,名古屋市立西陵高等学校
愛知,名古屋市立中央高等学校
愛知,名古屋市立向陽高等学校
愛知,名古屋市立工業高等学校
愛知,名古屋市立富田高等学校
愛知,名古屋市立桜台高等学校
愛知,名古屋市立緑高等学校
愛知,名古屋市立若宮商業高等学校
愛知,名古屋市立山田高等学校
愛知,名古屋市立名東高等学校
愛知,豊橋市立豊橋高等学校
愛知,愛知県立稲沢緑風館高等学校
愛知,愛知県立津島北翔高等学校
愛知,愛知高等学校
愛知,愛知工業大学名電高等学校
愛知,愛知淑徳高等学校
愛知,椙山女学園高等学校
愛知,名古屋経済大学市邨高等学校
愛知,東海高等学校
愛知,金城学院高等学校
愛知,名古屋高等学校
愛知,啓明学館高等学校
愛知,名城大学附属高等学校
愛知,同朋高等学校
愛知,中部大学第一高等学校
愛知,名古屋たちばな高等学校
愛知,至学館高等学校
愛知,名古屋工業高等学校
愛知,桜花学園高等学校
愛知,南山高等学校
愛知,中京大学附属中京高等学校
愛知,名古屋国際高等学校
愛知,愛知みずほ大学瑞穂高等学校
愛知,名古屋葵大学高等学校
愛知,名古屋大谷高等学校
愛知,享栄高等学校
愛知,名古屋経済大学高蔵高等学校
愛知,大同大学大同高等学校
愛知,菊華高等学校
愛知,東邦高等学校
愛知,日本福祉大学付属高等学校
愛知,東海学園高等学校
愛知,修文学院高等学校
愛知,聖霊高等学校
愛知,聖カピタニオ女子高等学校
愛知,中部大学春日丘高等学校
愛知,清林館高等学校
愛知,滝高等学校
愛知,愛知啓成高等学校
愛知,星城高等学校
愛知,誠信高等学校
愛知,愛知黎明高等学校
愛知,誉高等学校
愛知,栄徳高等学校
愛知,大成高等学校
愛知,人間環境大学附属岡崎高等学校
愛知,光ヶ丘女子高等学校
愛知,岡崎城西高等学校
愛知,安城学園高等学校
愛知,杜若高等学校
愛知,愛知産業大学三河高等学校
愛知,豊田大谷高等学校
愛知,南山国際高等学校
愛知,黄柳野高等学校
愛知,ルネサンス豊田高等学校
愛知,桜丘高等学校
愛知,藤ノ花女子高等学校
愛知,豊橋中央高等学校
愛知,豊川高等学校
愛知,国際高等学校
愛知,ルネサンス豊田高等学校豊田駅前キャンパス
三重,三重県立桑名高等学校
三重,三重県立桑名西高等学校
三重,三重県立桑名北高等学校
三重,三重県立桑名工業高等学校
三重,三重県立いなべ総合学園高等学校
三重,三重県立川越高等学校
三重,三重県立四日市高等学校
三重,三重県立四日市南高等学校
三重,三重県立四日市西高等学校
三重,三重県立朝明高等学校
三重,三重県立四日市四郷高等学校
三重,三重県立四日市農芸高等学校
三重,三重県立四日市工業高等学校
三重,三重県立四日市中央工業高等学校
三重,三重県立四日市商業高等学校
三重,三重県立北星高等学校
三重,三重県立菰野高等学校
三重,三重県立神戸高等学校
三重,三重県立白子高等学校
三重,三重県立石薬師高等学校
三重,三重県立稲生高等学校
三重,三重県立飯野高等学校
三重,三重県立亀山高等学校
三重,三重県立津高等学校
三重,三重県立津西高等学校
三重,三重県立津東高等学校
三重,三重県立津工業高等学校
三重,三重県立津商業高等学校
三重,三重県立みえ夢学園高等学校
三重,三重県立久居高等学校
三重,三重県立久居農林高等学校
三重,三重県立白山高等学校
三重,三重県立松阪高等学校
三重,三重県立松阪工業高等学校
三重,三重県立松阪商業高等学校
三重,三重県立飯南高等学校
三重,三重県立相可高等学校
三重,三重県立昴学園高等学校
三重,三重県立宇治山田高等学校
三重,三重県立伊勢高等学校
三重,三重県立伊勢工業高等学校
三重,三重県立宇治山田商業高等学校
三重,三重県立伊勢まなび高等学校
三重,三重県立明野高等学校
三重,三重県立南伊勢高等学校　南勢校舎
三重,三重県立南伊勢高等学校　度会校舎
三重,三重県立鳥羽高等学校
三重,三重県立志摩高等学校
三重,三重県立水産高等学校
三重,三重県立上野高等学校
三重,三重県立伊賀白鳳高等学校
三重,三重県立あけぼの学園高等学校
三重,三重県立名張青峰高等学校
三重,三重県立名張高等学校
三重,三重県立尾鷲高等学校
三重,三重県立木本高等学校
三重,三重県立紀南高等学校
三重,三重県立熊野青藍高等学校木本校舎
三重,三重県立熊野青藍高等学校紀南校舎
三重,津田学園高等学校
三重,暁高等学校
三重,海星高等学校
三重,四日市メリノール学院高等学校
三重,鈴鹿高等学校
三重,高田高等学校
三重,セントヨゼフ女子学園高等学校
三重,青山高等学校
三重,三重高等学校
三重,皇學館高等学校
三重,伊勢学園高等学校
三重,愛農学園農業高等学校
三重,桜丘高等学校
三重,大橋学園高等学校
三重,徳風高等学校
三重,一志学園高等学校
三重,英心高等学校
三重,代々木高等学校
三重,神村学園高等部伊賀分校
三重,英心高等学校桔梗が丘校
滋賀,滋賀県立膳所高等学校
滋賀,滋賀県立堅田高等学校
滋賀,滋賀県立東大津高等学校
滋賀,滋賀県立北大津高等学校
滋賀,滋賀県立大津高等学校
滋賀,滋賀県立石山高等学校
滋賀,滋賀県立瀬田工業高等学校
滋賀,滋賀県立大津商業高等学校
滋賀,滋賀県立大津清陵高等学校
滋賀,滋賀県立大津清陵高等学校馬場分校
滋賀,滋賀県立彦根東高等学校
滋賀,滋賀県立河瀬高等学校
滋賀,滋賀県立彦根工業高等学校
滋賀,滋賀県立彦根翔西館高等学校
滋賀,滋賀県立長浜北高等学校
滋賀,滋賀県立虎姫高等学校
滋賀,滋賀県立伊香高等学校
滋賀,滋賀県立長浜農業高等学校
滋賀,滋賀県立長浜北星高等学校
滋賀,滋賀県立八幡高等学校
滋賀,滋賀県立八幡工業高等学校
滋賀,滋賀県立八幡商業高等学校
滋賀,滋賀県立草津東高等学校
滋賀,滋賀県立草津高等学校
滋賀,滋賀県立玉川高等学校
滋賀,滋賀県立湖南農業高等学校
滋賀,滋賀県立守山高等学校
滋賀,滋賀県立守山北高等学校
滋賀,滋賀県立栗東高等学校
滋賀,滋賀県立国際情報高等学校
滋賀,滋賀県立水口高等学校
滋賀,滋賀県立水口東高等学校
滋賀,滋賀県立甲南高等学校
滋賀,滋賀県立信楽高等学校
滋賀,滋賀県立野洲高等学校
滋賀,滋賀県立石部高等学校
滋賀,滋賀県立甲西高等学校
滋賀,滋賀県立高島高等学校
滋賀,滋賀県立安曇川高等学校
滋賀,滋賀県立八日市高等学校
滋賀,滋賀県立能登川高等学校
滋賀,滋賀県立八日市南高等学校
滋賀,滋賀県立伊吹高等学校
滋賀,滋賀県立米原高等学校
滋賀,滋賀県立日野高等学校
滋賀,滋賀県立愛知高等学校
滋賀,比叡山高等学校
滋賀,滋賀短期大学附属高等学校
滋賀,幸福の科学学園関西高等学校
滋賀,近江高等学校
滋賀,彦根総合高等学校
滋賀,近江兄弟社高等学校
滋賀,光泉カトリック高等学校
滋賀,綾羽高等学校
滋賀,立命館守山高等学校
滋賀,ＥＣＣ学園高等学校
滋賀,ＥＣＣ学園高等学校
滋賀,滋賀学園高等学校
滋賀,司学館高等学校
京都,京都教育大学附属高等学校
京都,京都府立山城高等学校
京都,京都市立紫野高等学校
京都,京都府立鴨沂高等学校
京都,京都府立洛北高等学校
京都,京都府立朱雀高等学校
京都,京都市立西京高等学校
京都,京都市立堀川高等学校
京都,京都府立洛東高等学校
京都,京都市立日吉ケ丘高等学校
京都,京都市立塔南高等学校
京都,京都府立嵯峨野高等学校
京都,京都府立桂高等学校
京都,京都府立桃山高等学校
京都,京都市立伏見工業高等学校
京都,京都府立北嵯峨高等学校
京都,京都府立東稜高等学校
京都,京都府立洛水高等学校
京都,京都府立洛西高等学校
京都,京都府立北稜高等学校
京都,京都市立美術工芸高等学校
京都,京都府立鳥羽高等学校
京都,京都府立京都すばる高等学校
京都,京都市立京都堀川音楽高等学校
京都,京都府立福知山高等学校
京都,京都府立福知山高等学校三和分校
京都,京都府立工業高等学校
京都,京都府立西舞鶴高等学校
京都,京都府立東舞鶴高等学校
京都,京都府立東舞鶴高等学校浮島分校
京都,京都府立綾部高等学校
京都,京都府立宮津高等学校
京都,京都府立宮津高等学校伊根分校
京都,京都府立海洋高等学校
京都,京都府立亀岡高等学校
京都,京都府立東宇治高等学校
京都,京都府立向陽高等学校
京都,京都府立南丹高等学校
京都,京都府立西城陽高等学校
京都,京都府立西乙訓高等学校
京都,京都府立綾部高等学校東分校
京都,京都府立莵道高等学校
京都,京都府立乙訓高等学校
京都,京都府立田辺高等学校
京都,京都府立木津高等学校
京都,京都府立北桑田高等学校
京都,京都府立園部高等学校
京都,京都府立須知高等学校
京都,京都府立大江高等学校
京都,京都府立加悦谷高等学校
京都,京都府立峰山高等学校
京都,京都府立峰山高等学校弥栄分校
京都,京都府立網野高等学校
京都,京都府立網野高等学校間人分校
京都,京都府立久美浜高等学校
京都,京都府立城陽高等学校
京都,京都府立北桑田高等学校美山分校
京都,京都府立久御山高等学校
京都,京都府立農芸高等学校
京都,京都府立南陽高等学校
京都,京都府立京都八幡高等学校
京都,京都府立京都八幡高等学校南分校
京都,京都府立城南菱創高等学校
京都,京都府立清明高等学校
京都,京都市立京都工学院高等学校
京都,京都府立宮津天橋高等学校宮津学舎
京都,京都府立宮津天橋高等学校加悦谷学舎
京都,京都府立丹後緑風高等学校網野学舎
京都,京都府立丹後緑風高等学校久美浜学舎
京都,京都府立清新高等学校
京都,京都市立京都奏和高等学校
京都,京都市立開建高等学校
京都,洛星高等学校
京都,同志社女子高等学校
京都,京都産業大学附属高等学校
京都,平安女学院高等学校
京都,京都橘高等学校
京都,同志社高等学校
京都,東山高等学校
京都,京都精華学園高等学校
京都,京都文教高等学校
京都,ノートルダム女学院高等学校
京都,京都両洋高等学校
京都,洛陽総合高等学校
京都,大谷高等学校
京都,一燈園高等学校
京都,華頂女子高等学校
京都,京都女子高等学校
京都,龍谷大学付属平安高等学校
京都,京都明徳高等学校
京都,洛南高等学校
京都,京都先端科学大学附属高等学校
京都,花園高等学校
京都,京都光華高等学校
京都,京都外大西高等学校
京都,京都聖母学院高等学校
京都,京都成章高等学校
京都,福知山成美高等学校
京都,福知山淑徳高等学校
京都,京都共栄学園高等学校
京都,日星高等学校
京都,立命館宇治高等学校
京都,京都暁星高等学校
京都,京都西山高等学校
京都,京都聖カタリナ高等学校
京都,同志社国際高等学校
京都,京都廣学館高等学校
京都,京都美山高等学校
京都,京都翔英高等学校
京都,京都芸術高等学校
京都,京都国際高等学校
京都,京都つくば開成高等学校
京都,立命館高等学校
京都,京都芸術大学附属高等学校
京都,京都長尾谷高等学校
大阪,大阪教育大学附属高等学校
大阪,大阪府立北野高等学校
大阪,大阪府立東淀川高等学校
大阪,大阪府立大手前高等学校
大阪,大阪府立旭高等学校
大阪,大阪府立清水谷高等学校
大阪,大阪府立高津高等学校
大阪,大阪府立夕陽丘高等学校
大阪,大阪府立港高等学校
大阪,大阪府立市岡高等学校
大阪,大阪府立今宮高等学校
大阪,大阪府立勝山高等学校
大阪,大阪府立生野高等学校
大阪,大阪府立天王寺高等学校
大阪,大阪府立阿倍野高等学校
大阪,大阪府立住吉高等学校
大阪,大阪府立東住吉高等学校
大阪,大阪府立阪南高等学校
大阪,大阪府立池田高等学校
大阪,大阪府立豊中高等学校
大阪,大阪府立桜塚高等学校
大阪,大阪府立箕面高等学校
大阪,大阪府立春日丘高等学校
大阪,大阪府立茨木高等学校
大阪,大阪府立吹田高等学校
大阪,大阪府立千里高等学校
大阪,大阪府立四條畷高等学校
大阪,大阪府立寝屋川高等学校
大阪,大阪府立枚方高等学校
大阪,大阪府立布施高等学校
大阪,大阪府立山本高等学校
大阪,大阪府立八尾高等学校
大阪,大阪府立花園高等学校
大阪,大阪府立河南高等学校
大阪,大阪府立富田林高等学校
大阪,大阪府立登美丘高等学校
大阪,大阪府立泉陽高等学校
大阪,大阪府立三国丘高等学校
大阪,大阪府立鳳高等学校
大阪,大阪府立泉大津高等学校
大阪,大阪府立和泉高等学校
大阪,大阪府立岸和田高等学校
大阪,大阪府立佐野高等学校
大阪,大阪府立貝塚高等学校
大阪,大阪府立泉北高等学校
大阪,大阪府立三島高等学校
大阪,大阪府立摂津高等学校
大阪,大阪府立堺東高等学校
大阪,大阪府立長野高等学校
大阪,大阪府立長尾高等学校
大阪,大阪府立西成高等学校
大阪,大阪府立箕面東高等学校
大阪,大阪府立吹田東高等学校
大阪,大阪府立島本高等学校
大阪,大阪府立交野高等学校
大阪,大阪府立松原高等学校
大阪,大阪府立長野北高等学校
大阪,大阪府立藤井寺高等学校
大阪,大阪府立金岡高等学校
大阪,大阪府立貝塚南高等学校
大阪,大阪府立柴島高等学校
大阪,大阪府立茨田高等学校
大阪,大阪府立長吉高等学校
大阪,大阪府立豊島高等学校
大阪,大阪府立東百舌鳥高等学校
大阪,大阪府立牧野高等学校
大阪,大阪府立茨木西高等学校
大阪,大阪府立野崎高等学校
大阪,大阪府立泉鳥取高等学校
大阪,大阪府立美原高等学校
大阪,大阪府立園芸高等学校
大阪,大阪府立農芸高等学校
大阪,大阪府立高槻北高等学校
大阪,大阪府立門真西高等学校
大阪,大阪府立柏原東高等学校
大阪,大阪府立高石高等学校
大阪,大阪府立刀根山高等学校
大阪,大阪府立北千里高等学校
大阪,大阪府立布施北高等学校
大阪,大阪府立伯太高等学校
大阪,大阪府立久米田高等学校
大阪,大阪府立岬高等学校
大阪,大阪府立芥川高等学校
大阪,大阪府立香里丘高等学校
大阪,大阪府立西寝屋川高等学校
大阪,大阪府立平野高等学校
大阪,大阪府立金剛高等学校
大阪,大阪府立狭山高等学校
大阪,大阪府立福泉高等学校
大阪,大阪府立信太高等学校
大阪,大阪府立阿武野高等学校
大阪,大阪府立守口東高等学校
大阪,大阪府立八尾北高等学校
大阪,大阪府立大塚高等学校
大阪,大阪府立福井高等学校
大阪,大阪府立山田高等学校
大阪,大阪府立堺上高等学校
大阪,大阪府立大冠高等学校
大阪,大阪府立枚方津田高等学校
大阪,大阪府立日根野高等学校
大阪,大阪府立門真なみはや高等学校
大阪,大阪府立枚岡樟風高等学校
大阪,大阪府立芦間高等学校
大阪,大阪府立八尾翠翔高等学校
大阪,大阪府立槻の木高等学校
大阪,大阪府立成美高等学校
大阪,大阪府立港南造形高等学校
大阪,大阪府立枚方なぎさ高等学校
大阪,大阪府立かわち野高等学校
大阪,大阪府立西野田工科高等学校
大阪,大阪府立淀川工科高等学校
大阪,大阪府立成城高等学校
大阪,大阪府立今宮工科高等学校
大阪,大阪府立東住吉総合高等学校
大阪,大阪府立堺工科高等学校
大阪,大阪府立茨木工科高等学校
大阪,大阪府立佐野工科高等学校
大阪,大阪府立桃谷高等学校
大阪,大阪府立和泉総合高等学校
大阪,大阪府立藤井寺工科高等学校
大阪,大阪府立城東工科高等学校
大阪,大阪府立布施工科高等学校
大阪,大阪府立緑風冠高等学校
大阪,大阪府立千里青雲高等学校
大阪,大阪府立北摂つばさ高等学校
大阪,大阪府立みどり清朋高等学校
大阪,大阪府立北かわち皐が丘高等学校
大阪,大阪府立懐風館高等学校
大阪,大阪府立りんくう翔南高等学校
大阪,大阪府教育センター附属高等学校
大阪,大阪府立淀川清流高等学校
大阪,大阪府立大正白稜高等学校
大阪,大阪府立豊中高等学校能勢分校
大阪,大阪府立大阪わかば高等学校
大阪,大阪府立桜宮高等学校
大阪,大阪府立東高等学校
大阪,大阪府立南高等学校
大阪,大阪府立汎愛高等学校
大阪,大阪府立いちりつ高等学校
大阪,大阪府立咲くやこの花高等学校
大阪,大阪府立大阪ビジネスフロンティア高等学校
大阪,大阪府立水都国際高等学校
大阪,大阪府立扇町総合高等学校
大阪,大阪府立西高等学校
大阪,大阪府立淀商業高等学校
大阪,大阪府立鶴見商業高等学校
大阪,大阪府立住吉商業高等学校
大阪,大阪府立都島工業高等学校
大阪,大阪府立泉尾工業高等学校
大阪,大阪府立東淀工業高等学校
大阪,大阪府立生野工業高等学校
大阪,大阪府立工芸高等学校
大阪,大阪府立都島第二工業高等学校
大阪,大阪府立第二工芸高等学校
大阪,大阪府立中央高等学校
大阪,大阪府立堺西高等学校
大阪,大阪府立渋谷高等学校
大阪,東大阪市立日新高等学校
大阪,堺市立堺高等学校
大阪,岸和田市立産業高等学校
大阪,大阪府立桜和高等学校
大阪,大阪府立東大阪みらい工科高等学校
大阪,東朋学園高等学校
大阪,大阪つくば開成高等学校
大阪,英風高等学校
大阪,昇陽高等学校
大阪,相愛高等学校
大阪,大阪女学院高等学校
大阪,ヴェリタス城星学園高等学校
大阪,明星高等学校
大阪,上宮高等学校
大阪,清風高等学校
大阪,四天王寺高等学校
大阪,大阪夕陽丘学園高等学校
大阪,大阪星光学院高等学校
大阪,金蘭会高等学校
大阪,大阪高等学校
大阪,大阪成蹊女子高等学校
大阪,プール学院高等学校
大阪,大阪信愛学院高等学校
大阪,大谷高等学校
大阪,東大谷高等学校
大阪,桃山学院高等学校
大阪,明浄学院高等学校
大阪,帝塚山学院高等学校
大阪,清明学院高等学校
大阪,浪速高等学校
大阪,建国高等学校
大阪,城南学園高等学校
大阪,香ヶ丘リベルテ高等学校
大阪,梅花高等学校
大阪,箕面自由学園高等学校
大阪,宣真高等学校
大阪,関西大学第一高等学校
大阪,大阪学院大学高等学校
大阪,金蘭千里高等学校
大阪,高槻高等学校
大阪,大阪国際滝井高等学校
大阪,常翔啓光学園高等学校
大阪,追手門学院大手前高等学校
大阪,関西大倉高等学校
大阪,ピーエル学園高等学校
大阪,香里ヌヴェール学院高等学校
大阪,同志社香里高等学校
大阪,大阪暁光高等学校
大阪,清教学園高等学校
大阪,四條畷学園高等学校
大阪,箕面学園高等学校
大阪,アサンプション国際高等学校
大阪,関西福祉科学大学高等学校
大阪,東大阪大学柏原高等学校
大阪,大阪薫英女学院高等学校
大阪,羽衣学園高等学校
大阪,清風南海高等学校
大阪,大阪緑涼高等学校
大阪,近畿大学附属高等学校
大阪,樟蔭高等学校
大阪,アナン学園高等学校
大阪,賢明学院高等学校
大阪,近畿大学泉州高等学校
大阪,関西創価高等学校
大阪,大阪国際高等学校
大阪,追手門学院高等学校
大阪,金光大阪高等学校
大阪,帝塚山学院泉ケ丘高等学校
大阪,東海大学付属大阪仰星高等学校
大阪,大阪青凌高等学校
大阪,精華高等学校
大阪,大阪桐蔭高等学校
大阪,初芝富田林高等学校
大阪,金光八尾高等学校
大阪,大阪金剛インターナショナル高等学校
大阪,上宮太子高等学校
大阪,関西大学高等部
大阪,四天王寺東高等学校
大阪,堺リベラル高等学校
大阪,興國高等学校
大阪,好文学園女子高等学校
大阪,関西大学北陽高等学校
大阪,英真学園高等学校
大阪,履正社高等学校
大阪,大阪偕星学園高等学校
大阪,金光藤蔭高等学校
大阪,開明高等学校
大阪,あべの翔学高等学校
大阪,大阪学芸高等学校
大阪,利晶学園大阪立命館高等学校
大阪,大阪商業大学堺高等学校
大阪,大商学園高等学校
大阪,大阪商業大学高等学校
大阪,大阪体育大学浪商高等学校
大阪,東大阪大学敬愛高等学校
大阪,常翔学園高等学校
大阪,大阪産業大学附属高等学校
大阪,大阪電気通信大学高等学校
大阪,阪南大学高等学校
大阪,太成学院大学高等学校
大阪,早稲田大阪高等学校
大阪,星翔高等学校
大阪,関西学院千里国際高等部
大阪,藍野高等学校
大阪,向陽台高等学校
大阪,八洲学園高等学校
大阪,長尾谷高等学校
大阪,天王寺学館高等学校
大阪,ＹＭＣＡ学院高等学校
大阪,秋桜高等学校
大阪,ルネサンス大阪高等学校
大阪,神須学園高等学校
大阪,明浄学院高等学校
大阪,近畿大阪高等学校
兵庫,兵庫県立神戸高等学校
兵庫,兵庫県立兵庫工業高等学校
兵庫,兵庫県立兵庫高等学校
兵庫,兵庫県立夢野台高等学校
兵庫,兵庫県立長田高等学校
兵庫,兵庫県立星陵高等学校
兵庫,兵庫県立神戸商業高等学校
兵庫,兵庫県立姫路西高等学校
兵庫,兵庫県立姫路南高等学校
兵庫,兵庫県立姫路工業高等学校
兵庫,兵庫県立飾磨工業高等学校
兵庫,兵庫県立姫路商業高等学校
兵庫,兵庫県立尼崎北高等学校
兵庫,兵庫県立尼崎西高等学校
兵庫,兵庫県立尼崎工業高等学校
兵庫,兵庫県立明石高等学校
兵庫,兵庫県立明石南高等学校
兵庫,兵庫県立西宮高等学校
兵庫,兵庫県立鳴尾高等学校
兵庫,兵庫県立洲本実業高等学校
兵庫,兵庫県立芦屋高等学校
兵庫,兵庫県立伊丹高等学校
兵庫,兵庫県立加古川東高等学校
兵庫,兵庫県立加古川西高等学校
兵庫,兵庫県立東播工業高等学校
兵庫,兵庫県立龍野高等学校
兵庫,兵庫県立西脇工業高等学校
兵庫,兵庫県立宝塚高等学校
兵庫,兵庫県立三木高等学校
兵庫,兵庫県立高砂高等学校
兵庫,兵庫県立小野高等学校
兵庫,兵庫県立播磨農業高等学校
兵庫,兵庫県立猪名川高等学校
兵庫,兵庫県立吉川高等学校
兵庫,兵庫県立社高等学校
兵庫,兵庫県立神戸工業高等学校
兵庫,兵庫県立湊川高等学校
兵庫,兵庫県立長田商業高等学校
兵庫,兵庫県立神崎工業高等学校
兵庫,兵庫県立錦城高等学校
兵庫,兵庫県立太子高等学校
兵庫,兵庫県立御影高等学校
兵庫,兵庫県立阪神昆陽高等学校
兵庫,兵庫県立姫路東高等学校
兵庫,兵庫県立尼崎高等学校
兵庫,兵庫県立洲本高等学校
兵庫,兵庫県立相生産業高等学校
兵庫,兵庫県立豊岡高等学校
兵庫,兵庫県立農業高等学校
兵庫,兵庫県立赤穂高等学校
兵庫,兵庫県立西脇高等学校
兵庫,兵庫県立松陽高等学校
兵庫,兵庫県立小野工業高等学校
兵庫,兵庫県立有馬高等学校
兵庫,兵庫県立北条高等学校
兵庫,兵庫県立上郡高等学校
兵庫,兵庫県立佐用高等学校
兵庫,兵庫県立香住高等学校
兵庫,兵庫県立柏原高等学校
兵庫,兵庫県立東灘高等学校
兵庫,兵庫県立青雲高等学校
兵庫,兵庫県立明石西高等学校
兵庫,兵庫県立川西明峰高等学校
兵庫,兵庫県立但馬農業高等学校
兵庫,兵庫県立伊川谷高等学校
兵庫,兵庫県立姫路別所高等学校
兵庫,兵庫県立夢前高等学校
兵庫,兵庫県立家島高等学校
兵庫,兵庫県立神崎高等学校
兵庫,兵庫県立福崎高等学校
兵庫,兵庫県立香寺高等学校
兵庫,兵庫県立山崎高等学校
兵庫,兵庫県立伊和高等学校
兵庫,兵庫県立千種高等学校
兵庫,兵庫県立日高高等学校
兵庫,兵庫県立出石高等学校
兵庫,兵庫県立村岡高等学校
兵庫,兵庫県立浜坂高等学校
兵庫,兵庫県立八鹿高等学校
兵庫,兵庫県立生野高等学校
兵庫,兵庫県立和田山高等学校
兵庫,兵庫県立氷上西高等学校
兵庫,兵庫県立氷上高等学校
兵庫,兵庫県立篠山鳳鳴高等学校
兵庫,兵庫県立篠山産業高等学校
兵庫,兵庫県立津名高等学校
兵庫,兵庫県立淡路高等学校
兵庫,兵庫県立川西緑台高等学校
兵庫,兵庫県立西宮北高等学校
兵庫,兵庫県立北須磨高等学校
兵庫,兵庫県立尼崎小田高等学校
兵庫,兵庫県立明石北高等学校
兵庫,兵庫県立神戸北高等学校
兵庫,兵庫県立伊丹北高等学校
兵庫,兵庫県立舞子高等学校
兵庫,兵庫県立神戸甲北高等学校
兵庫,兵庫県立宝塚東高等学校
兵庫,兵庫県立東播磨高等学校
兵庫,兵庫県立西宮南高等学校
兵庫,兵庫県立三木東高等学校
兵庫,兵庫県立篠山東雲高等学校
兵庫,兵庫県立龍野北高等学校
兵庫,兵庫県立西脇北高等学校
兵庫,兵庫県立姫路北高等学校
兵庫,兵庫県立多可高等学校
兵庫,兵庫県立西宮今津高等学校
兵庫,兵庫県立宝塚西高等学校
兵庫,兵庫県立相生高等学校
兵庫,兵庫県立須磨東高等学校
兵庫,兵庫県立尼崎稲園高等学校
兵庫,兵庫県立加古川北高等学校
兵庫,兵庫県立網干高等学校
兵庫,兵庫県立伊丹西高等学校
兵庫,兵庫県立明石清水高等学校
兵庫,兵庫県立高砂南高等学校
兵庫,兵庫県立須磨友が丘高等学校
兵庫,兵庫県立西宮甲山高等学校
兵庫,兵庫県立加古川南高等学校
兵庫,兵庫県立三木北高等学校
兵庫,兵庫県立川西北陵高等学校
兵庫,兵庫県立神戸高塚高等学校
兵庫,兵庫県立明石城西高等学校
兵庫,兵庫県立播磨南高等学校
兵庫,兵庫県立宝塚北高等学校
兵庫,兵庫県立姫路飾西高等学校
兵庫,兵庫県立伊川谷北高等学校
兵庫,兵庫県立北摂三田高等学校
兵庫,兵庫県立三田西陵高等学校
兵庫,兵庫県立大学附属高等学校
兵庫,兵庫県立西宮香風高等学校
兵庫,兵庫県立三田祥雲館高等学校
兵庫,兵庫県立武庫荘総合高等学校
兵庫,兵庫県立豊岡総合高等学校
兵庫,兵庫県立国際高等学校
兵庫,兵庫県立神戸鈴蘭台高等学校
兵庫,兵庫県立淡路三原高等学校
兵庫,神戸市立葺合高等学校
兵庫,姫路市立姫路高等学校
兵庫,姫路市立琴丘高等学校
兵庫,姫路市立飾磨高等学校
兵庫,尼崎市立尼崎高等学校
兵庫,明石市立明石商業高等学校
兵庫,西宮市立西宮東高等学校
兵庫,伊丹市立伊丹高等学校
兵庫,神戸市立六甲アイランド高等学校
兵庫,神戸市立科学技術高等学校
兵庫,神戸市立神戸工科高等学校
兵庫,神戸市立須磨翔風高等学校
兵庫,尼崎市立尼崎双星高等学校
兵庫,尼崎市立琴ノ浦高等学校
兵庫,神戸市立神港橘高等学校
兵庫,神戸市立摩耶兵庫高等学校
兵庫,神戸市立楠高等学校
兵庫,西宮市立西宮高等学校
兵庫,兵庫県立北神戸総合高等学校
兵庫,兵庫県立神戸学園都市高等学校
兵庫,兵庫県立西宮苦楽園高等学校
兵庫,兵庫県立三木総合高等学校
兵庫,兵庫県立姫路海稜高等学校
兵庫,兵庫県立播磨福崎高等学校
兵庫,甲南女子高等学校
兵庫,灘高等学校
兵庫,六甲学院高等学校
兵庫,神戸海星女子学院高等学校
兵庫,松蔭高等学校
兵庫,神戸龍谷高等学校
兵庫,神戸第一高等学校
兵庫,神港学園高等学校
兵庫,啓明学院高等学校
兵庫,神戸山手グローバル高等学校
兵庫,親和女子高等学校
兵庫,神戸学院大学附属高等学校
兵庫,彩星工科高等学校
兵庫,神戸常盤女子高等学校
兵庫,神戸野田高等学校
兵庫,育英高等学校
兵庫,神戸星城高等学校
兵庫,須磨学園高等学校
兵庫,滝川高等学校
兵庫,兵庫大学附属須磨ノ浦高等学校
兵庫,愛徳学園高等学校
兵庫,神戸国際大学附属高等学校
兵庫,姫路女学院高等学校
兵庫,日ノ本学園高等学校
兵庫,賢明女子学院高等学校
兵庫,淳心学院高等学校
兵庫,東洋大学附属姫路高等学校
兵庫,園田学園高等学校
兵庫,百合学院高等学校
兵庫,報徳学園高等学校
兵庫,関西学院高等部
兵庫,神戸女学院高等学部
兵庫,武庫川女子大学附属高等学校
兵庫,甲子園学院高等学校
兵庫,甲陽学院高等学校
兵庫,夙川高等学校
兵庫,仁川学院高等学校
兵庫,芦屋学園高等学校
兵庫,甲南高等学校
兵庫,近畿大学附属豊岡高等学校
兵庫,小林聖心女子学院高等学校
兵庫,雲雀丘学園高等学校
兵庫,白陵高等学校
兵庫,三田学園高等学校
兵庫,三田松聖高等学校
兵庫,市川高等学校
兵庫,神戸弘陵学園高等学校
兵庫,自由ヶ丘高等学校
兵庫,滝川第二高等学校
兵庫,生野学園高等学校
兵庫,神戸国際高等学校
兵庫,蒼開高等学校
兵庫,相生学院高等学校
兵庫,第一学院高等学校養父校
兵庫,ＡＩＥ国際高等学校
奈良,奈良県立生駒高等学校
奈良,奈良県立添上高等学校
奈良,奈良県立山辺高等学校
奈良,奈良県立桜井高等学校
奈良,奈良県立大宇陀高等学校
奈良,奈良県立王寺工業高等学校
奈良,奈良県立青翔高等学校
奈良,奈良県立大淀高等学校
奈良,奈良県立十津川高等学校
奈良,奈良県立橿原高等学校
奈良,奈良県立二階堂高等学校
奈良,奈良県立西の京高等学校
奈良,奈良県立吉野高等学校
奈良,奈良県立平城高等学校
奈良,奈良県立香芝高等学校
奈良,奈良県立高円高等学校
奈良,奈良県立高取国際高等学校
奈良,奈良県立登美ヶ丘高等学校
奈良,奈良県立奈良高等学校
奈良,奈良県立高田高等学校
奈良,奈良県立五條高等学校
奈良,奈良県立榛生昇陽高等学校
奈良,奈良県立西和清陵高等学校
奈良,奈良県立郡山高等学校
奈良,奈良県立畝傍高等学校
奈良,奈良県立奈良北高等学校
奈良,奈良県立法隆寺国際高等学校
奈良,奈良県立磯城野高等学校
奈良,奈良県立奈良情報商業高等学校
奈良,奈良県立大和広陵高等学校
奈良,奈良県立奈良朱雀高等学校
奈良,奈良県立御所実業高等学校
奈良,奈良県立大和中央高等学校
奈良,奈良県立国際高等学校
奈良,奈良市立一条高等学校
奈良,大和高田市立高田商業高等学校
奈良,山添村立山辺高等学校山添分校
奈良,五條市立五條高等学校賀名生分校
奈良,奈良県立奈良商工高等学校
奈良,奈良県立高円芸術高等学校
奈良,奈良県立商業高等学校
奈良,奈良県立奈良南高等学校
奈良,奈良県立奈良南高等学校（吉野学舎)
奈良,五條市立西吉野農業高等学校
奈良,奈良県立宇陀高等学校
奈良,奈良県立大学附属高等学校
奈良,奈良育英高等学校
奈良,奈良女子高等学校
奈良,帝塚山高等学校
奈良,関西中央高等学校
奈良,橿原学院高等学校
奈良,智辯学園高等学校
奈良,天理教校学園高等学校
奈良,東大寺学園高等学校
奈良,奈良大学附属高等学校
奈良,奈良文化高等学校
奈良,奈良学園高等学校
奈良,育英西高等学校
奈良,西大和学園高等学校
奈良,天理高等学校
奈良,智辯学園奈良カレッジ高等部
奈良,奈良学園登美ヶ丘高等学校
奈良,飛鳥未来高等学校
奈良,日本教育学院高等学校
奈良,関西文化芸術高等学校
和歌山,和歌山県立橋本高等学校
和歌山,和歌山県立紀北工業高等学校
和歌山,和歌山県立笠田高等学校
和歌山,和歌山県立粉河高等学校
和歌山,和歌山県立那賀高等学校
和歌山,和歌山県立貴志川高等学校
和歌山,和歌山県立和歌山北高等学校
和歌山,和歌山県立向陽高等学校
和歌山,和歌山県立桐蔭高等学校
和歌山,和歌山県立星林高等学校
和歌山,和歌山県立和歌山工業高等学校
和歌山,和歌山県立和歌山商業高等学校
和歌山,和歌山県立海南高等学校
和歌山,和歌山県立海南高等学校美里分校
和歌山,和歌山県立箕島高等学校
和歌山,和歌山県立有田中央高等学校
和歌山,和歌山県立有田中央高等学校清水分校
和歌山,和歌山県立耐久高等学校
和歌山,和歌山県立日高高等学校
和歌山,和歌山県立日高高等学校中津分校
和歌山,和歌山県立紀央館高等学校
和歌山,和歌山県立南部高等学校
和歌山,和歌山県立南部高等学校龍神分校
和歌山,和歌山県立田辺高等学校
和歌山,和歌山県立田辺工業高等学校
和歌山,和歌山県立神島高等学校
和歌山,和歌山県立熊野高等学校
和歌山,和歌山県立新宮高等学校
和歌山,和歌山県立新翔高等学校
和歌山,和歌山県立和歌山東高等学校
和歌山,和歌山県立和歌山高等学校
和歌山,和歌山県立紀北農芸高等学校
和歌山,和歌山県立串本古座高等学校
和歌山,和歌山県立伊都中央高等学校
和歌山,和歌山市立和歌山高等学校
和歌山,海南市立海南下津高等学校
和歌山,和歌山県立南紀高等学校
和歌山,和歌山県立きのくに青雲高等学校
和歌山,和歌山信愛高等学校
和歌山,開智高等学校
和歌山,高野山高等学校
和歌山,近畿大学附属新宮高等学校
和歌山,智辯学園和歌山高等学校
和歌山,近畿大学附属和歌山高等学校
和歌山,和歌山南陵高等学校
和歌山,初芝橋本高等学校
和歌山,りら創造芸術高等学校
和歌山,慶風高等学校
鳥取,鳥取県立鳥取東高等学校
鳥取,鳥取県立鳥取西高等学校
鳥取,鳥取県立鳥取商業高等学校
鳥取,鳥取県立鳥取工業高等学校
鳥取,鳥取県立岩美高等学校
鳥取,鳥取県立八頭高等学校
鳥取,鳥取県立智頭農林高等学校
鳥取,鳥取県立青谷高等学校
鳥取,鳥取県立倉吉東高等学校
鳥取,鳥取県立倉吉西高等学校
鳥取,鳥取県立倉吉農業高等学校
鳥取,鳥取県立米子東高等学校
鳥取,鳥取県立米子西高等学校
鳥取,鳥取県立米子南高等学校
鳥取,鳥取県立米子工業高等学校
鳥取,鳥取県立米子高等学校
鳥取,鳥取県立境高等学校
鳥取,鳥取県立日野高等学校
鳥取,鳥取県立鳥取湖陵高等学校
鳥取,鳥取県立倉吉総合産業高等学校
鳥取,鳥取県立鳥取中央育英高等学校
鳥取,鳥取県立境港総合技術高等学校
鳥取,鳥取県立鳥取緑風高等学校
鳥取,鳥取県立米子白鳳高等学校
鳥取,鳥取敬愛高等学校
鳥取,鳥取城北高等学校
鳥取,倉吉北高等学校
鳥取,米子北高等学校
鳥取,米子松蔭高等学校
鳥取,米子北斗高等学校
鳥取,湯梨浜学園高等学校
鳥取,青翔開智高等学校
島根,島根県立松江北高等学校
島根,島根県立松江南高等学校
島根,島根県立松江東高等学校
島根,島根県立松江工業高等学校
島根,島根県立松江商業高等学校
島根,島根県立松江農林高等学校
島根,島根県立宍道高等学校
島根,松江市立皆美が丘女子高等学校
島根,島根県立浜田高等学校
島根,島根県立浜田商業高等学校
島根,島根県立浜田水産高等学校
島根,島根県立平田高等学校
島根,島根県立出雲高等学校
島根,島根県立出雲工業高等学校
島根,島根県立出雲商業高等学校
島根,島根県立出雲農林高等学校
島根,島根県立大社高等学校
島根,島根県立益田高等学校
島根,島根県立益田翔陽高等学校
島根,島根県立大田高等学校
島根,島根県立邇摩高等学校
島根,島根県立安来高等学校
島根,島根県立情報科学高等学校
島根,島根県立江津高等学校
島根,島根県立江津工業高等学校
島根,島根県立大東高等学校
島根,島根県立三刀屋高等学校
島根,島根県立三刀屋高等学校掛合分校
島根,島根県立横田高等学校
島根,島根県立飯南高等学校
島根,島根県立島根中央高等学校
島根,島根県立矢上高等学校
島根,島根県立津和野高等学校
島根,島根県立吉賀高等学校
島根,島根県立隠岐島前高等学校
島根,島根県立隠岐高等学校
島根,島根県立隠岐水産高等学校
島根,開星高等学校
島根,立正大学淞南高等学校
島根,松徳学院高等学校
島根,松江西高等学校
島根,出雲北陵高等学校
島根,出雲西高等学校
島根,明誠高等学校
島根,益田東高等学校
島根,石見智翠館高等学校
島根,キリスト教愛真高等学校
岡山,岡山県立岡山朝日高等学校
岡山,岡山県立岡山操山高等学校
岡山,岡山県立岡山工業高等学校
岡山,岡山県立東岡山工業高等学校
岡山,岡山県立岡山東商業高等学校
岡山,岡山県立岡山南高等学校
岡山,岡山県立倉敷青陵高等学校
岡山,岡山県立倉敷天城高等学校
岡山,岡山県立倉敷中央高等学校
岡山,岡山県立倉敷工業高等学校
岡山,岡山県立水島工業高等学校
岡山,岡山県立倉敷商業高等学校
岡山,岡山県立玉島高等学校
岡山,岡山県立玉島商業高等学校
岡山,岡山県立津山高等学校
岡山,岡山県立津山工業高等学校
岡山,岡山県立津山商業高等学校
岡山,岡山県立津山東高等学校
岡山,岡山県立玉野高等学校
岡山,岡山県立笠岡高等学校
岡山,岡山県立笠岡工業高等学校
岡山,岡山県立笠岡商業高等学校
岡山,岡山県立西大寺高等学校
岡山,岡山県立井原高等学校
岡山,岡山県立総社高等学校
岡山,岡山県立高梁高等学校
岡山,岡山県立新見高等学校
岡山,岡山県立瀬戸高等学校
岡山,岡山県立瀬戸南高等学校
岡山,岡山県立和気閑谷高等学校
岡山,岡山県立邑久高等学校
岡山,岡山県立興陽高等学校
岡山,岡山県立鴨方高等学校
岡山,岡山県立矢掛高等学校
岡山,岡山県立高松農業高等学校
岡山,岡山県立勝山高等学校
岡山,岡山県立勝間田高等学校
岡山,岡山県立林野高等学校
岡山,岡山県立岡山芳泉高等学校
岡山,岡山県立倉敷南高等学校
岡山,岡山県立岡山一宮高等学校
岡山,岡山県立倉敷古城池高等学校
岡山,岡山県立玉野光南高等学校
岡山,岡山県立総社南高等学校
岡山,岡山県立岡山城東高等学校
岡山,岡山県立備前緑陽高等学校
岡山,岡山県立高梁城南高等学校
岡山,岡山県立真庭高等学校
岡山,玉野市立玉野商工高等学校
岡山,岡山県立岡山御津高等学校
岡山,岡山県立倉敷鷲羽高等学校
岡山,岡山県立烏城高等学校
岡山,倉敷市立精思高等学校
岡山,倉敷市立工業高等学校
岡山,倉敷市立玉島高等学校
岡山,玉野市立玉野備南高等学校
岡山,井原市立高等学校
岡山,高梁市立宇治高等学校
岡山,備前市立片上高等学校
岡山,高梁市立松山高等学校
岡山,倉敷市立真備陵南高等学校
岡山,岡山市立岡山後楽館高等学校
岡山,倉敷市立倉敷翔南高等学校
岡山,倉敷市立精思高等学校霞丘校
岡山,関西高等学校
岡山,岡山商科大学附属高等学校
岡山,山陽学園高等学校
岡山,就実高等学校
岡山,創志学園高等学校
岡山,明誠学院高等学校
岡山,倉敷高等学校
岡山,岡山理科大学附属高等学校
岡山,倉敷翠松高等学校
岡山,岡山県美作高等学校
岡山,作陽学園高等学校
岡山,岡山龍谷高等学校
岡山,岡山学芸館高等学校
岡山,興譲館高等学校
岡山,方谷學舎高等学校
岡山,清心女子高等学校
岡山,おかやま山陽高等学校
岡山,金光学園高等学校
岡山,川崎医科大学附属高等学校
岡山,岡山県共生高等学校
岡山,岡山白陵高等学校
岡山,岡山高等学校
岡山,吉備高原学園高等学校
岡山,鹿島朝日高等学校
岡山,滋慶学園高等学校
岡山,ワオ高等学校
岡山,創志学園高等学校
広島,広島大学附属高等学校
広島,広島大学附属福山高等学校
広島,広島県立広島皆実高等学校
広島,広島県立広島国泰寺高等学校
広島,広島県立広島観音高等学校
広島,広島県立高陽高等学校
広島,広島県立安芸南高等学校
広島,広島県立広高等学校
広島,広島県立呉宮原高等学校
広島,広島県立呉三津田高等学校
広島,広島県立呉昭和高等学校
広島,広島県立三原高等学校
広島,広島県立三原東高等学校
広島,広島県立尾道東高等学校
広島,広島県立尾道北高等学校
広島,広島県立福山誠之館高等学校
広島,広島県立福山葦陽高等学校
広島,広島県立海田高等学校
広島,広島県立熊野高等学校
広島,広島県立音戸高等学校
広島,広島県立安芸府中高等学校
広島,広島県立廿日市高等学校
広島,広島県立廿日市西高等学校
広島,広島県立湯来南高等学校
広島,広島県立大竹高等学校
広島,広島県立佐伯高等学校
広島,広島県立大柿高等学校
広島,広島県立可部高等学校
広島,広島県立加計高等学校
広島,広島県立加計高等学校芸北分校
広島,広島県立千代田高等学校
広島,広島県立吉田高等学校
広島,広島県立向原高等学校
広島,広島県立賀茂高等学校
広島,広島県立黒瀬高等学校
広島,広島県立賀茂北高等学校
広島,広島県立竹原高等学校
広島,広島県立豊田高等学校
広島,広島県立忠海高等学校
広島,広島県立御調高等学校
広島,広島県立因島高等学校
広島,広島県立世羅高等学校
広島,広島県立松永高等学校
広島,広島県立沼南高等学校
広島,広島県立府中高等学校
広島,広島県立油木高等学校
広島,広島県立上下高等学校
広島,広島県立三次高等学校
広島,広島県立庄原格致高等学校
広島,広島県立東城高等学校
広島,広島県立瀬戸田高等学校
広島,広島県立西城紫水高等学校
広島,広島県立高陽東高等学校
広島,広島県立日彰館高等学校
広島,広島県立安芸高等学校
広島,広島県立五日市高等学校
広島,広島県立河内高等学校
広島,広島県立安古市高等学校
広島,広島県立安西高等学校
広島,広島県立祇園北高等学校
広島,広島県立大門高等学校
広島,広島県立福山明王台高等学校
広島,広島県立広島井口高等学校
広島,広島県立広島工業高等学校
広島,広島県立福山工業高等学校
広島,広島県立呉工業高等学校
広島,広島県立三次青陵高等学校
広島,広島県立宮島工業高等学校
広島,広島県立神辺高等学校
広島,広島県立神辺旭高等学校
広島,広島県立大崎海星高等学校
広島,広島県立戸手高等学校
広島,広島県立芦品まなび学園高等学校
広島,広島県立西条農業高等学校
広島,広島県立庄原実業高等学校
広島,広島県立尾道商業高等学校
広島,広島県立広島商業高等学校
広島,広島県立呉商業高等学校
広島,広島県立福山商業高等学校
広島,広島県立広島高等学校
広島,広島県立総合技術高等学校
広島,広島市立基町高等学校
広島,広島市立舟入高等学校
広島,広島市立沼田高等学校
広島,広島市立美鈴が丘高等学校
広島,広島市立広島工業高等学校
広島,広島市立広島商業高等学校
広島,広島市立大手町商業高等学校
広島,広島市立広島みらい創生高等学校
広島,呉市立呉高等学校
広島,尾道市立広島県尾道南高等学校
広島,福山市立福山高等学校
広島,広島県立府中東高等学校
広島,広島県立広島叡智学園高等学校
広島,広島県立西高等学校
広島,広島県立東高等学校
広島,修道高等学校
広島,崇徳高等学校
広島,広陵高等学校
広島,山陽高等学校
広島,広島県瀬戸内高等学校
広島,広島桜が丘高等学校
広島,進徳女子高等学校
広島,安田女子高等学校
広島,比治山女子高等学校
広島,広島女学院高等学校
広島,ノートルダム清心高等学校
広島,広島翔洋高等学校
広島,広島音楽高等学校
広島,広島工業大学高等学校
広島,広島学院高等学校
広島,広島城北高等学校
広島,広島なぎさ高等学校
広島,呉港高等学校
広島,清水ケ丘高等学校
広島,呉青山高等学校
広島,如水館高等学校
広島,広島三育学院高等学校
広島,尾道高等学校
広島,盈進高等学校
広島,福山暁の星女子高等学校
広島,近畿大学附属広島高等学校福山校
広島,銀河学院高等学校
広島,英数学館高等学校
広島,広島国際学院高等学校
広島,山陽女学園高等部
広島,ＡＩＣＪ高等学校
広島,広島文教大学附属高等学校
広島,広島修道大学ひろしま協創高等学校
広島,広島新庄高等学校
広島,武田高等学校
広島,近畿大学附属広島高等学校東広島校
広島,並木学院高等学校
広島,東林館高等学校
広島,東林館高等学校呉分校
広島,並木学院福山高等学校
広島,シンギュラリティ高等学校
山口,山口県立岩国高等学校
山口,山口県立岩国商業高等学校
山口,山口県立岩国商業高等学校東分校
山口,山口県立岩国工業高等学校
山口,山口県立高森高等学校
山口,山口県立柳井高等学校
山口,山口県立熊毛南高等学校
山口,山口県立光高等学校
山口,山口県立熊毛北高等学校
山口,山口県立下松高等学校
山口,山口県立下松工業高等学校
山口,山口県立徳山高等学校
山口,山口県立南陽工業高等学校
山口,山口県立防府高等学校
山口,山口県立山口高等学校
山口,山口県立山口中央高等学校
山口,山口県立山口農業高等学校
山口,山口県立宇部高等学校
山口,山口県立宇部中央高等学校
山口,山口県立宇部西高等学校
山口,山口県立宇部商業高等学校
山口,山口県立宇部工業高等学校
山口,山口県立小野田高等学校
山口,山口県立小野田工業高等学校
山口,山口県立厚狭高等学校
山口,山口県立田部高等学校
山口,山口県立西市高等学校
山口,山口県立豊浦高等学校
山口,山口県立長府高等学校
山口,山口県立下関西高等学校
山口,山口県立下関南高等学校
山口,山口県立萩高等学校
山口,下関市立下関商業高等学校
山口,山口県立岩国総合高等学校
山口,山口県立防府西高等学校
山口,山口県立新南陽高等学校
山口,山口県立光丘高等学校
山口,山口県立西京高等学校
山口,山口県立華陵高等学校
山口,山口県立柳井商工高等学校
山口,山口県立徳山商工高等学校
山口,山口県立萩商工高等学校
山口,山口県立周防大島高等学校
山口,山口県立岩国高等学校坂上分校
山口,山口県立岩国高等学校広瀬分校
山口,山口県立徳山高等学校鹿野分校
山口,山口県立山口高等学校徳佐分校
山口,山口県立田布施農工高等学校
山口,山口県立大津緑洋高等学校
山口,山口県立防府商工高等学校
山口,山口県立徳山高等学校徳山北分校
山口,山口県立防府高等学校佐波分校
山口,山口県立美祢青嶺高等学校
山口,山口県立下関工科高等学校
山口,山口県立萩高等学校奈古分校
山口,山口県立下関北高等学校
山口,山口県立下関双葉高等学校
山口,山口県立山口農業高等学校西市分校
山口,山口県立光高等学校
山口,山口県立山口松風館高等学校
山口,山口県立厚狭明進高等学校
山口,梅光学院高等学校
山口,早鞆高等学校
山口,下関短期大学付属高等学校
山口,下関国際高等学校
山口,宇部鴻城高等学校
山口,慶進高等学校
山口,宇部フロンティア大学付属香川高等学校
山口,山口中村学園高等学校
山口,野田学園高等学校
山口,萩光塩学院高等学校
山口,山口県桜ケ丘高等学校
山口,誠英高等学校
山口,高川学園高等学校
山口,高水高等学校
山口,サビエル高等学校
山口,聖光高等学校
山口,長門高等学校
山口,柳井学園高等学校
山口,成進高等学校
山口,山口県鴻城高等学校
山口,精華学園高等学校
山口,松陰高等学校
山口,萩明倫館高等学校
徳島,徳島県立城東高等学校
徳島,徳島県立城南高等学校
徳島,徳島県立城北高等学校
徳島,徳島県立城ノ内高等学校
徳島,徳島県立徳島北高等学校
徳島,徳島県立城西高等学校
徳島,徳島県立徳島科学技術高等学校
徳島,徳島県立徳島商業高等学校
徳島,徳島県立徳島中央高等学校
徳島,徳島市立高等学校
徳島,徳島県立鳴門高等学校
徳島,徳島県立鳴門渦潮高等学校
徳島,徳島県立小松島高等学校
徳島,徳島県立小松島西高等学校
徳島,徳島県立富岡西高等学校
徳島,徳島県立阿南光高等学校
徳島,徳島県立富岡東高等学校
徳島,徳島県立富岡東高等学校羽ノ浦校
徳島,徳島県立吉野川高等学校
徳島,徳島県立川島高等学校
徳島,徳島県立阿波高等学校
徳島,徳島県立阿波西高等学校
徳島,徳島県立穴吹高等学校
徳島,徳島県立脇町高等学校
徳島,徳島県立池田高等学校
徳島,徳島県立池田高等学校辻校
徳島,徳島県立池田高等学校三好校
徳島,徳島県立小松島西高等学校勝浦校
徳島,徳島県立名西高等学校
徳島,徳島県立城西高等学校神山校
徳島,徳島県立那賀高等学校
徳島,徳島県立海部高等学校
徳島,徳島県立板野高等学校
徳島,徳島県立つるぎ高等学校
徳島,香蘭高等学校
徳島,徳島文理高等学校
徳島,学校法人生光学園生光学園高等学校
徳島,みのり高等学校
香川,香川県立高松高等学校
香川,香川県立高松工芸高等学校
香川,香川県立高松商業高等学校
香川,香川県立高松東高等学校
香川,香川県立高松南高等学校
香川,香川県立高松西高等学校
香川,香川県立高松北高等学校
香川,香川県立香川中央高等学校
香川,香川県立高松桜井高等学校
香川,高松市立高松第一高等学校
香川,香川県立丸亀高等学校
香川,香川県立飯山高等学校
香川,香川県立丸亀城西高等学校
香川,香川県立坂出商業高等学校
香川,香川県立坂出高等学校
香川,香川県立坂出工業高等学校
香川,香川県立善通寺第一高等学校
香川,香川県立観音寺第一高等学校
香川,香川県立観音寺総合高等学校
香川,香川県立石田高等学校
香川,香川県立志度高等学校
香川,香川県立津田高等学校
香川,香川県立三本松高等学校
香川,香川県立笠田高等学校
香川,香川県立高瀬高等学校
香川,香川県立小豆島中央高等学校
香川,香川県立三木高等学校
香川,香川県立農業経営高等学校
香川,香川県立琴平高等学校
香川,香川県立多度津高等学校
香川,英明高等学校
香川,高松中央高等学校
香川,大手前高松高等学校
香川,香川誠陵高等学校
香川,穴吹学園高等学校
香川,大手前丸亀高等学校
香川,香川県藤井高等学校
香川,村上学園高等学校
香川,坂出第一高等学校
香川,尽誠学園高等学校
香川,藤井学園寒川高等学校
香川,四国学院大学香川西高等学校
香川,ＲＩＴＡ学園高等学校
愛媛,愛媛大学附属高等学校
愛媛,愛媛県立北条高等学校
愛媛,愛媛県立松山東高等学校
愛媛,愛媛県立松山南高等学校
愛媛,愛媛県立松山北高等学校
愛媛,愛媛県立松山北高等学校中島分校
愛媛,愛媛県立松山中央高等学校
愛媛,愛媛県立松山工業高等学校
愛媛,愛媛県立松山商業高等学校
愛媛,愛媛県立今治西高等学校
愛媛,愛媛県立今治西高等学校伯方分校
愛媛,愛媛県立今治南高等学校
愛媛,愛媛県立今治北高等学校
愛媛,愛媛県立今治北高等学校大三島分校
愛媛,愛媛県立今治工業高等学校
愛媛,愛媛県立宇和島東高等学校
愛媛,愛媛県立宇和島水産高等学校
愛媛,愛媛県立吉田高等学校
愛媛,愛媛県立北宇和高等学校三間分校
愛媛,愛媛県立宇和島東高等学校津島分校
愛媛,愛媛県立八幡浜高等学校
愛媛,愛媛県立八幡浜工業高等学校
愛媛,愛媛県立川之石高等学校
愛媛,愛媛県立新居浜東高等学校
愛媛,愛媛県立新居浜西高等学校
愛媛,愛媛県立新居浜南高等学校
愛媛,愛媛県立新居浜工業高等学校
愛媛,愛媛県立新居浜商業高等学校
愛媛,愛媛県立西条高等学校
愛媛,愛媛県立西条農業高等学校
愛媛,愛媛県立小松高等学校
愛媛,愛媛県立東予高等学校
愛媛,愛媛県立丹原高等学校
愛媛,愛媛県立大洲高等学校
愛媛,愛媛県立大洲高等学校肱川分校
愛媛,愛媛県立大洲農業高等学校
愛媛,愛媛県立長浜高等学校
愛媛,愛媛県立伊予農業高等学校
愛媛,愛媛県立川之江高等学校
愛媛,愛媛県立三島高等学校
愛媛,愛媛県立土居高等学校
愛媛,愛媛県立宇和高等学校
愛媛,愛媛県立宇和高等学校三瓶分校
愛媛,愛媛県立野村高等学校
愛媛,愛媛県立東温高等学校
愛媛,愛媛県立弓削高等学校
愛媛,愛媛県立上浮穴高等学校
愛媛,愛媛県立伊予高等学校
愛媛,愛媛県立松山南高等学校砥部分校
愛媛,愛媛県立内子高等学校
愛媛,愛媛県立内子高等学校小田分校
愛媛,愛媛県立三崎高等学校
愛媛,愛媛県立北宇和高等学校
愛媛,愛媛県立南宇和高等学校
愛媛,済美高等学校
愛媛,聖カタリナ学園高等学校
愛媛,松山東雲高等学校
愛媛,松山学院高等学校
愛媛,新田高等学校
愛媛,愛光高等学校
愛媛,松山聖陵高等学校
愛媛,未来高等学校
愛媛,ＦＣ今治高等学校明徳校
愛媛,ＦＣ今治高等学校里山校
愛媛,今治精華高等学校
愛媛,日本ウェルネス高等学校
愛媛,未来高等学校新居浜校
愛媛,帝京第五高等学校
愛媛,帝京冨士高等学校
高知,高知県立室戸高等学校
高知,高知県立中芸高等学校
高知,高知県立安芸高等学校
高知,高知県立城山高等学校
高知,高知県立山田高等学校
高知,高知県立嶺北高等学校
高知,高知県立高知追手前高等学校
高知,高知県立高知追手前高等学校吾北分校
高知,高知県立高知丸の内高等学校
高知,高知県立高知小津高等学校
高知,高知県立高知西高等学校
高知,高知県立高岡高等学校
高知,高知県立佐川高等学校
高知,高知県立檮原高等学校
高知,高知県立窪川高等学校
高知,高知県立四万十高等学校
高知,高知県立中村高等学校
高知,高知県立中村高等学校西土佐分校
高知,高知県立清水高等学校
高知,高知県立宿毛高等学校
高知,高知県立高知農業高等学校
高知,高知県立春野高等学校
高知,高知県立幡多農業高等学校
高知,高知県立宿毛工業高等学校
高知,高知県立安芸桜ケ丘高等学校
高知,高知県立高知東工業高等学校
高知,高知県立高知工業高等学校
高知,高知県立伊野商業高等学校
高知,高知県立高知北高等学校
高知,高知県立高知東高等学校
高知,高知県立岡豊高等学校
高知,高知県立高知南高等学校
高知,高知県立高知海洋高等学校
高知,高知県立大方高等学校
高知,高知県立高知国際高等学校
高知,高知県立須崎総合高等学校
高知,高知商業高等学校
高知,土佐高等学校
高知,土佐女子高等学校
高知,高知高等学校
高知,清和女子高等学校
高知,高知学芸高等学校
高知,高知中央高等学校
高知,明徳義塾高等学校
高知,土佐塾高等学校
高知,太平洋学園高等学校
福岡,福岡県立門司大翔館高等学校
福岡,福岡県立門司学園高等学校
福岡,福岡県立若松高等学校
福岡,福岡県立若松商業高等学校
福岡,福岡県立戸畑高等学校
福岡,福岡県立ひびき高等学校
福岡,福岡県立戸畑工業高等学校
福岡,北九州市立高等学校
福岡,福岡県立小倉高等学校
福岡,福岡県立小倉工業高等学校
福岡,福岡県立小倉西高等学校
福岡,福岡県立小倉南高等学校
福岡,福岡県立小倉商業高等学校
福岡,福岡県立北九州高等学校
福岡,福岡県立小倉東高等学校
福岡,福岡県立八幡高等学校
福岡,福岡県立八幡中央高等学校
福岡,福岡県立八幡工業高等学校
福岡,福岡県立八幡南高等学校
福岡,福岡県立東筑高等学校
福岡,福岡県立折尾高等学校
福岡,福岡県立北筑高等学校
福岡,福岡県立香椎高等学校
福岡,福岡県立香椎工業高等学校
福岡,福岡県立香住丘高等学校
福岡,福岡県立福岡高等学校
福岡,福岡県立博多青松高等学校
福岡,福岡県立福岡中央高等学校
福岡,福岡県立筑紫丘高等学校
福岡,福岡県立柏陵高等学校
福岡,福岡市立福翔高等学校
福岡,福岡県立筑前高等学校
福岡,福岡県立玄洋高等学校
福岡,福岡市立福岡女子高等学校
福岡,福岡市立福岡西陵高等学校
福岡,福岡県立城南高等学校
福岡,福岡市立博多工業高等学校
福岡,福岡県立修猷館高等学校
福岡,福岡県立福岡工業高等学校
福岡,福岡県立福岡講倫館高等学校
福岡,福岡県立早良高等学校
福岡,福岡県立三池高等学校
福岡,福岡県立三池工業高等学校
福岡,福岡県立大牟田北高等学校
福岡,福岡県立ありあけ新世高等学校
福岡,福岡県立久留米筑水高等学校
福岡,福岡県立明善高等学校
福岡,福岡県立久留米高等学校
福岡,福岡県立三潴高等学校
福岡,福岡県立浮羽工業高等学校
福岡,久留米市立南筑高等学校
福岡,久留米市立久留米商業高等学校
福岡,福岡県公立三井中央高等学校
福岡,福岡県立鞍手高等学校
福岡,福岡県立直方高等学校
福岡,福岡県立筑豊高等学校
福岡,福岡県立嘉穂高等学校
福岡,福岡県立嘉穂東高等学校
福岡,福岡県立東鷹高等学校
福岡,福岡県立西田川高等学校
福岡,福岡県立田川科学技術高等学校
福岡,福岡県立伝習館高等学校
福岡,福岡県立福島高等学校
福岡,福岡県立八女農業高等学校
福岡,福岡県立八女高等学校
福岡,福岡県立八女工業高等学校
福岡,福岡県立大川樟風高等学校
福岡,福岡県立京都高等学校
福岡,福岡県立行橋高等学校
福岡,福岡県立青豊高等学校
福岡,福岡県立中間高等学校
福岡,福岡県立三井高等学校
福岡,福岡県立小郡高等学校
福岡,福岡県立筑紫高等学校
福岡,福岡県立武蔵台高等学校
福岡,福岡県立春日高等学校
福岡,福岡県立筑紫中央高等学校
福岡,福岡県立宗像高等学校
福岡,福岡県立福岡農業高等学校
福岡,福岡県立太宰府高等学校
福岡,福岡県立玄界高等学校
福岡,福岡県公立古賀竟成館高等学校
福岡,福岡県立水産高等学校
福岡,福岡県立光陵高等学校
福岡,福岡県立浮羽究真館高等学校
福岡,福岡県立鞍手竜徳高等学校
福岡,福岡県立稲築志耕館高等学校
福岡,福岡県立嘉穂総合高等学校嘉麻市立大隈城山校
福岡,福岡県立朝倉高等学校
福岡,福岡県立朝倉東高等学校
福岡,福岡県立朝倉光陽高等学校
福岡,福岡県立山門高等学校
福岡,福岡県立糸島高等学校
福岡,福岡県立糸島農業高等学校
福岡,福岡県立宇美商業高等学校
福岡,福岡県立須恵高等学校
福岡,福岡県立新宮高等学校
福岡,福岡県立福岡魁誠高等学校
福岡,福岡県立遠賀高等学校
福岡,福岡県立鞍手高等学校鞍手町立豊翔館
福岡,福岡県立嘉穂総合高等学校
福岡,福岡県立田川高等学校
福岡,福岡県立苅田工業高等学校
福岡,福岡県立育徳館高等学校
福岡,福岡県立築上西高等学校
福岡,豊国学園高等学校
福岡,敬愛高等学校
福岡,高稜高等学校
福岡,明治学園高等学校
福岡,西南女学院高等学校
福岡,美萩野女子高等学校
福岡,東筑紫学園高等学校
福岡,真颯館高等学校
福岡,慶成高等学校
福岡,常磐高等学校
福岡,九州国際大学付属高等学校
福岡,折尾愛真高等学校
福岡,星琳高等学校
福岡,自由ケ丘高等学校
福岡,仰星学園高等学校
福岡,博多高等学校
福岡,博多女子高等学校
福岡,立花高等学校
福岡,福岡工業大学附属城東高等学校
福岡,九州産業大学付属九州高等学校
福岡,精華女子高等学校
福岡,東福岡高等学校
福岡,沖学園高等学校
福岡,上智福岡高等学校
福岡,筑紫女学園高等学校
福岡,福岡大学附属若葉高等学校
福岡,福岡雙葉高等学校
福岡,福岡大学附属大濠高等学校
福岡,つくば開成福岡高等学校
福岡,福岡女学院高等学校
福岡,福岡第一高等学校
福岡,純真高等学校
福岡,第一薬科大学付属高等学校
福岡,福岡海星女子学院高等学校
福岡,福岡舞鶴高等学校
福岡,中村学園三陽高等学校
福岡,中村学園女子高等学校
福岡,西南学院高等学校
福岡,福岡芸術高等学校
福岡,大牟田高等学校
福岡,誠修高等学校
福岡,明光学園高等学校
福岡,久留米学園高等学校
福岡,久留米大学附設高等学校
福岡,久留米信愛高等学校
福岡,祐誠高等学校
福岡,学校法人大和学園大和青藍高等学校
福岡,近畿大学附属福岡高等学校
福岡,飯塚高等学校
福岡,福智高等学校
福岡,柳川高等学校
福岡,杉森高等学校
福岡,八女学院高等学校
福岡,西日本短期大学附属高等学校
福岡,希望が丘高等学校
福岡,九州産業大学付属九州産業高等学校
福岡,福岡常葉高等学校
福岡,東海大学付属福岡高等学校
福岡,筑陽学園高等学校
福岡,筑紫台高等学校
福岡,福岡女子商業高等学校
福岡,川崎特区明蓬館高等学校
佐賀,佐賀県立佐賀西高等学校
佐賀,佐賀県立佐賀東高等学校
佐賀,佐賀県立佐賀北高等学校
佐賀,佐賀県立唐津東高等学校
佐賀,佐賀県立唐津西高等学校
佐賀,佐賀県立伊万里高等学校
佐賀,佐賀県立小城高等学校
佐賀,佐賀県立牛津高等学校
佐賀,佐賀県立鳥栖高等学校
佐賀,佐賀県立三養基高等学校
佐賀,佐賀県立神埼高等学校
佐賀,佐賀県立厳木高等学校
佐賀,佐賀県立高志館高等学校
佐賀,佐賀県立神埼清明高等学校
佐賀,佐賀県立伊万里農林高等学校
佐賀,佐賀県立佐賀農業高等学校
佐賀,佐賀県立唐津南高等学校
佐賀,佐賀県立佐賀工業高等学校
佐賀,佐賀県立鳥栖工業高等学校
佐賀,佐賀県立多久高等学校
佐賀,佐賀県立有田工業高等学校
佐賀,佐賀県立唐津工業高等学校
佐賀,佐賀県立佐賀商業高等学校
佐賀,佐賀県立伊万里商業高等学校
佐賀,佐賀県立唐津商業高等学校
佐賀,佐賀県立鳥栖商業高等学校
佐賀,佐賀県立太良高等学校
佐賀,佐賀県立致遠館高等学校
佐賀,佐賀県立鹿島高等学校
佐賀,佐賀県立鹿島高等学校大手門学舎
佐賀,佐賀県立嬉野高等学校
佐賀,佐賀県立嬉野高等学校嬉野校舎
佐賀,佐賀県立白石高等学校
佐賀,佐賀県立白石高等学校商業科キャンパス
佐賀,佐賀県立伊万里実業高等学校
佐賀,佐賀県立唐津青翔高等学校
佐賀,佐賀県立武雄高等学校
佐賀,龍谷高等学校
佐賀,佐賀清和高等学校
佐賀,佐賀女子短期大学付属佐賀女子高等学校
佐賀,佐賀学園高等学校
佐賀,北陵高等学校
佐賀,敬徳高等学校
佐賀,弘学館高等学校
佐賀,東明館高等学校
佐賀,早稲田佐賀高等学校
長崎,長崎県立長崎東高等学校
長崎,長崎県立長崎西高等学校
長崎,長崎県立長崎南高等学校
長崎,長崎県立長崎北高等学校
長崎,長崎県立佐世保南高等学校
長崎,長崎県立佐世保北高等学校
長崎,長崎県立島原高等学校
長崎,長崎県立諫早高等学校
長崎,長崎県立大村高等学校
長崎,長崎県立五島高等学校
長崎,長崎県立奈留高等学校
長崎,長崎県立猶興館高等学校
長崎,長崎県立平戸高等学校
長崎,長崎県立松浦高等学校
長崎,長崎県立大崎高等学校
長崎,長崎県立西彼杵高等学校
長崎,長崎県立川棚高等学校
長崎,長崎県立国見高等学校
長崎,長崎県立小浜高等学校
長崎,長崎県立口加高等学校
長崎,長崎県立北松西高等学校
長崎,長崎県立宇久高等学校
長崎,長崎県立清峰高等学校
長崎,長崎県立五島南高等学校
長崎,長崎県立上五島高等学校
長崎,長崎県立中五島高等学校
長崎,長崎県立壱岐高等学校
長崎,長崎県立対馬高等学校
長崎,長崎県立豊玉高等学校
長崎,長崎県立上対馬高等学校
長崎,長崎県立島原農業高等学校
長崎,長崎県立諫早農業高等学校
長崎,長崎県立大村城南高等学校
長崎,長崎県立西彼農業高等学校
長崎,長崎県立長崎明誠高等学校
長崎,長崎県立北松農業高等学校
長崎,長崎県立長崎工業高等学校
長崎,長崎県立佐世保工業高等学校
長崎,長崎県立島原工業高等学校
長崎,長崎県立大村工業高等学校
長崎,長崎県立鹿町工業高等学校
長崎,長崎県立佐世保商業高等学校
長崎,長崎県立佐世保東翔高等学校
長崎,長崎県立島原商業高等学校
長崎,長崎県立諫早商業高等学校
長崎,長崎県立壱岐商業高等学校
長崎,長崎県立長崎鶴洋高等学校
長崎,長崎県立波佐見高等学校
長崎,長崎県立佐世保西高等学校
長崎,長崎市立長崎商業高等学校
長崎,長崎県立佐世保中央高等学校
長崎,長崎県立五島海陽高等学校
長崎,長崎県立長崎北陽台高等学校
長崎,長崎県立諫早東高等学校
長崎,長崎県立西陵高等学校
長崎,長崎県立鳴滝高等学校
長崎,長崎県立島原翔南高等学校
長崎,海星高等学校
長崎,長崎南山高等学校
長崎,活水高等学校
長崎,長崎女子高等学校
長崎,長崎玉成高等学校
長崎,長崎女子商業高等学校
長崎,聖母の騎士高等学校
長崎,瓊浦高等学校
長崎,純心女子高等学校
長崎,創成館高等学校
長崎,長崎総合科学大学附属高等学校
長崎,西海学園高等学校
長崎,久田学園佐世保女子高等学校
長崎,聖和女子学院高等学校
長崎,九州文化学園高等学校
長崎,佐世保実業高等学校
長崎,島原中央高等学校
長崎,鎮西学院高等学校
長崎,長崎日本大学高等学校
長崎,向陽高等学校
長崎,青雲高等学校
長崎,精道三川台高等学校
長崎,こころ未来高等学校
長崎,こころ咲良高等学校
熊本,熊本県立済々黌高等学校
熊本,熊本県立熊本高等学校
熊本,熊本県立第一高等学校
熊本,熊本県立第二高等学校
熊本,熊本県立熊本商業高等学校
熊本,熊本県立熊本工業高等学校
熊本,熊本県立熊本農業高等学校
熊本,熊本市立必由館高等学校
熊本,熊本市立千原台高等学校
熊本,熊本県立八代高等学校
熊本,熊本県立八代東高等学校
熊本,熊本県立八代工業高等学校
熊本,熊本県立人吉高等学校
熊本,熊本県立球磨工業高等学校
熊本,熊本県立玉名高等学校
熊本,熊本県立北稜高等学校
熊本,熊本県立天草高等学校
熊本,熊本県立天草高等学校倉岳校
熊本,熊本県立天草工業高等学校
熊本,熊本県立菊池高等学校
熊本,熊本県立宇土高等学校
熊本,熊本県立鹿本高等学校
熊本,熊本県立松橋高等学校
熊本,熊本県立玉名工業高等学校
熊本,熊本県立鹿本農業高等学校
熊本,熊本県立菊池農業高等学校
熊本,熊本県立大津高等学校
熊本,熊本県立翔陽高等学校
熊本,熊本県立小国高等学校
熊本,熊本県立高森高等学校
熊本,熊本県立御船高等学校
熊本,熊本県立甲佐高等学校
熊本,熊本県立八代農業高等学校
熊本,熊本県立八代農業高等学校泉分校
熊本,熊本県立芦北高等学校
熊本,熊本県立鹿本商工高等学校
熊本,熊本県立人吉高等学校五木分校
熊本,熊本県立小川工業高等学校
熊本,熊本県立熊本西高等学校
熊本,熊本県立湧心館高等学校
熊本,熊本県立熊本北高等学校
熊本,熊本県立東稜高等学校
熊本,熊本県立阿蘇中央高等学校
熊本,熊本県立上天草高等学校
熊本,熊本県立矢部高等学校
熊本,熊本県立八代清流高等学校
熊本,熊本県立水俣高等学校
熊本,熊本県立岱志高等学校
熊本,熊本県立天草拓心高等学校
熊本,熊本県立牛深高等学校
熊本,熊本県立球磨中央高等学校
熊本,熊本県立南稜高等学校
熊本,九州学院高等学校
熊本,鎮西高等学校
熊本,真和高等学校
熊本,開新高等学校
熊本,熊本学園大学付属高等学校
熊本,東海大学付属熊本星翔高等学校
熊本,尚絅高等学校
熊本,慶誠高等学校
熊本,熊本国府高等学校
熊本,熊本マリスト学園高等学校
熊本,ルーテル学院高等学校
熊本,熊本信愛女学院高等学校
熊本,熊本中央高等学校
熊本,文徳高等学校
熊本,八代白百合学園高等学校
熊本,秀岳館高等学校
熊本,有明高等学校
熊本,玉名女子高等学校
熊本,菊池女子高等学校
熊本,専修大学熊本玉名高等学校
熊本,城北高等学校
熊本,勇志国際高等学校
熊本,一ツ葉高等学校
熊本,くまもと清陵高等学校
熊本,やまと高等学校
大分,大分県立大分上野丘高等学校
大分,大分県立大分舞鶴高等学校
大分,大分県立大分工業高等学校
大分,大分県立大分商業高等学校
大分,大分県立大分西高等学校
大分,大分県立大分鶴崎高等学校
大分,大分県立鶴崎工業高等学校
大分,大分県立大分東高等学校
大分,大分県立大分雄城台高等学校
大分,大分県立別府鶴見丘高等学校
大分,大分県立芸術緑丘高等学校
大分,大分県立中津南高等学校
大分,大分県立中津北高等学校
大分,大分県立日田高等学校
大分,大分県立日田林工高等学校
大分,大分県立日田三隈高等学校
大分,大分県立佐伯鶴城高等学校
大分,大分県立臼杵高等学校
大分,大分県立竹田高等学校
大分,大分県立高田高等学校
大分,大分県立杵築高等学校
大分,大分県立宇佐産業科学高等学校
大分,大分県立由布高等学校
大分,大分県立安心院高等学校
大分,大分県立大分南高等学校
大分,大分県立大分豊府高等学校
大分,大分県立情報科学高等学校
大分,大分県立三重総合高等学校
大分,大分県立宇佐高等学校
大分,大分県立中津南高等学校耶馬溪校
大分,大分県立国東高等学校
大分,大分県立国東高等学校双国校
大分,大分県立中津東高等学校
大分,大分県立爽風館高等学校
大分,大分県立津久見高等学校
大分,大分県立日出総合高等学校
大分,大分県立佐伯豊南高等学校
大分,大分県立別府翔青高等学校
大分,大分県立玖珠美山高等学校
大分,大分県立海洋科学高等学校
大分,大分県立久住高原農業高等学校
大分,岩田高等学校
大分,福徳学院高等学校
大分,大分高等学校
大分,楊志館高等学校
大分,大分東明高等学校
大分,大分国際情報高等学校
大分,別府溝部学園高等学校
大分,東九州龍谷高等学校
大分,昭和学園高等学校
大分,藤蔭高等学校
大分,日本文理大学附属高等学校
大分,稲葉学園高等学校
大分,柳ヶ浦高等学校
大分,明豊高等学校
大分,府内高等学校
宮崎,宮崎県立宮崎大宮高等学校
宮崎,宮崎県立宮崎工業高等学校
宮崎,宮崎県立宮崎商業高等学校
宮崎,宮崎県立宮崎農業高等学校
宮崎,宮崎県立宮崎南高等学校
宮崎,宮崎県立宮崎西高等学校
宮崎,宮崎県立宮崎北高等学校
宮崎,宮崎県立宮崎東高等学校
宮崎,宮崎県立佐土原高等学校
宮崎,宮崎県立宮崎海洋高等学校
宮崎,宮崎県立都城泉ヶ丘高等学校
宮崎,宮崎県立都城農業高等学校
宮崎,宮崎県立都城商業高等学校
宮崎,宮崎県立都城工業高等学校
宮崎,宮崎県立都城西高等学校
宮崎,宮崎県立高城高等学校
宮崎,宮崎県立延岡高等学校
宮崎,宮崎県立延岡工業高等学校
宮崎,宮崎県立延岡商業高等学校
宮崎,宮崎県立延岡星雲高等学校
宮崎,宮崎県立延岡青朋高等学校
宮崎,宮崎県立日南高等学校
宮崎,宮崎県立日南振徳高等学校
宮崎,宮崎県立小林高等学校
宮崎,宮崎県立小林秀峰高等学校
宮崎,宮崎県立富島高等学校
宮崎,宮崎県立日向工業高等学校
宮崎,宮崎県立日向高等学校
宮崎,宮崎県立福島高等学校
宮崎,宮崎県立妻高等学校
宮崎,宮崎県立飯野高等学校
宮崎,宮崎県立本庄高等学校
宮崎,宮崎県立高鍋高等学校
宮崎,宮崎県立高鍋農業高等学校
宮崎,宮崎県立都農高等学校
宮崎,宮崎県立門川高等学校
宮崎,宮崎県立高千穂高等学校
宮崎,日向学院高等学校
宮崎,宮崎学園高等学校
宮崎,宮崎日本大学高等学校
宮崎,宮崎第一高等学校
宮崎,日章学園高等学校
宮崎,鵬翔高等学校
宮崎,日南学園高等学校田野分校
宮崎,都城高等学校
宮崎,都城聖ドミニコ学園高等学校
宮崎,聖心ウルスラ学園高等学校
宮崎,延岡学園高等学校
宮崎,日南学園高等学校
宮崎,小林西高等学校
宮崎,日章学園九州国際高等学校
宮崎,櫻美学園高等学校
鹿児島,鹿児島県立鶴丸高等学校
鹿児島,鹿児島県立甲南高等学校
鹿児島,鹿児島県立鹿児島中央高等学校
鹿児島,鹿児島県立鹿児島東高等学校
鹿児島,鹿児島県立鹿児島工業高等学校
鹿児島,鹿児島県立鹿児島南高等学校
鹿児島,鹿児島県立指宿高等学校
鹿児島,鹿児島県立山川高等学校
鹿児島,鹿児島県立頴娃高等学校
鹿児島,鹿児島県立枕崎高等学校
鹿児島,鹿児島県立鹿児島水産高等学校
鹿児島,鹿児島県立加世田高等学校
鹿児島,鹿児島県立加世田常潤高等学校
鹿児島,鹿児島県立川辺高等学校
鹿児島,鹿児島県立薩南工業高等学校
鹿児島,鹿児島県立吹上高等学校
鹿児島,鹿児島県立伊集院高等学校
鹿児島,鹿児島県立市来農芸高等学校
鹿児島,鹿児島県立串木野高等学校
鹿児島,鹿児島県立川内高等学校
鹿児島,鹿児島県立川内商工高等学校
鹿児島,鹿児島県立野田女子高等学校
鹿児島,鹿児島県立出水高等学校
鹿児島,鹿児島県立出水工業高等学校
鹿児島,鹿児島県立大口高等学校
鹿児島,鹿児島県立伊佐農林高等学校
鹿児島,鹿児島県立蒲生高等学校
鹿児島,鹿児島県立加治木高等学校
鹿児島,鹿児島県立加治木工業高等学校
鹿児島,鹿児島県立隼人工業高等学校
鹿児島,鹿児島県立国分高等学校
鹿児島,鹿児島県立志布志高等学校
鹿児島,鹿児島県立串良商業高等学校
鹿児島,鹿児島県立鹿屋高等学校
鹿児島,鹿児島県立鹿屋農業高等学校
鹿児島,鹿児島県立鹿屋工業高等学校
鹿児島,鹿児島県立垂水高等学校
鹿児島,鹿児島県立南大隅高等学校
鹿児島,鹿児島県立屋久島高等学校
鹿児島,鹿児島県立大島高等学校
鹿児島,鹿児島県立与論高等学校
鹿児島,鹿児島県立奄美高等学校
鹿児島,鹿児島県立大島北高等学校
鹿児島,鹿児島県立古仁屋高等学校
鹿児島,鹿児島県立喜界高等学校
鹿児島,鹿児島県立沖永良部高等学校
鹿児島,鹿児島市立鹿児島玉龍高等学校
鹿児島,鹿児島市立鹿児島商業高等学校
鹿児島,鹿児島市立鹿児島女子高等学校
鹿児島,指宿市立指宿商業高等学校
鹿児島,出水市立出水商業高等学校
鹿児島,霧島市立国分中央高等学校
鹿児島,鹿屋市立鹿屋女子高等学校
鹿児島,鹿児島県立錦江湾高等学校
鹿児島,鹿児島県立松陽高等学校
鹿児島,鹿児島県立種子島高等学校
鹿児島,鹿児島県立徳之島高等学校
鹿児島,鹿児島県立川薩清修館高等学校
鹿児島,鹿児島県立霧島高等学校
鹿児島,鹿児島県立種子島中央高等学校
鹿児島,鹿児島県立福山高等学校
鹿児島,鹿児島県立武岡台高等学校
鹿児島,鹿児島県立開陽高等学校
鹿児島,鹿児島県立薩摩中央高等学校
鹿児島,鹿児島県立鶴翔高等学校
鹿児島,鹿児島県立明桜館高等学校
鹿児島,鹿児島県立曽於高等学校
鹿児島,鹿児島県立楠隼高等学校
鹿児島,鹿児島実業高等学校
鹿児島,れいめい高等学校
鹿児島,樟南高等学校
鹿児島,樟南第二高等学校
鹿児島,鹿児島城西高等学校
鹿児島,鹿児島高等学校
鹿児島,鹿児島純心女子高等学校
鹿児島,鹿児島情報高等学校
鹿児島,ラ・サール高等学校
鹿児島,龍桜高等学校
鹿児島,鳳凰高等学校
鹿児島,神村学園高等部
鹿児島,出水中央高等学校
鹿児島,大口明光学園高等学校
鹿児島,鹿児島第一高等学校
鹿児島,鹿屋中央高等学校
鹿児島,尚志館高等学校
鹿児島,志學館高等部高等学校
鹿児島,池田高等学校
鹿児島,鹿児島育英館高等学校
鹿児島,鹿児島修学館高等学校
鹿児島,屋久島おおぞら高等学校
沖縄,沖縄県立首里高等学校
沖縄,沖縄県立沖縄工業高等学校
沖縄,沖縄県立那覇商業高等学校
沖縄,沖縄県立那覇高等学校
沖縄,沖縄県立小禄高等学校
沖縄,沖縄県立真和志高等学校
沖縄,沖縄県立泊高等学校
沖縄,沖縄県立首里東高等学校
沖縄,沖縄県立那覇西高等学校
沖縄,沖縄県立那覇国際高等学校
沖縄,沖縄県立普天間高等学校
沖縄,沖縄県立中部商業高等学校
沖縄,沖縄県立宜野湾高等学校
沖縄,沖縄県立八重山農林高等学校
沖縄,沖縄県立八重山高等学校
沖縄,沖縄県立八重山商工高等学校
沖縄,沖縄県立浦添高等学校
沖縄,沖縄県立那覇工業高等学校
沖縄,沖縄県立浦添商業高等学校
沖縄,沖縄県立陽明高等学校
沖縄,沖縄県立浦添工業高等学校
沖縄,沖縄県立名護高等学校
沖縄,沖縄県立北部農林高等学校
沖縄,沖縄県立名護商工高等学校
沖縄,沖縄県立沖縄水産高等学校
沖縄,沖縄県立糸満高等学校
沖縄,沖縄県立コザ高等学校
沖縄,沖縄県立美来工科高等学校
沖縄,沖縄県立美里工業高等学校
沖縄,沖縄県立美里高等学校
沖縄,沖縄県立球陽高等学校
沖縄,沖縄県立南部農林高等学校
沖縄,沖縄県立豊見城高等学校
沖縄,沖縄県立豊見城南高等学校
沖縄,沖縄県立石川高等学校
沖縄,沖縄県立前原高等学校
沖縄,沖縄県立中部農林高等学校
沖縄,沖縄県立具志川商業高等学校
沖縄,沖縄県立与勝高等学校
沖縄,沖縄県立具志川高等学校
沖縄,沖縄県立宮古高等学校
沖縄,沖縄県立宮古工業高等学校
沖縄,沖縄県立伊良部高等学校
沖縄,沖縄県立宮古総合実業高等学校
沖縄,沖縄県立辺土名高等学校
沖縄,沖縄県立北山高等学校
沖縄,沖縄県立本部高等学校
沖縄,沖縄県立宜野座高等学校
沖縄,沖縄県立読谷高等学校
沖縄,沖縄県立嘉手納高等学校
沖縄,沖縄県立北谷高等学校
沖縄,沖縄県立北中城高等学校
沖縄,沖縄県立西原高等学校
沖縄,沖縄県立知念高等学校
沖縄,沖縄県立南風原高等学校
沖縄,沖縄県立開邦高等学校
沖縄,沖縄県立久米島高等学校
沖縄,沖縄県立南部工業高等学校
沖縄,沖縄県立南部商業高等学校
沖縄,沖縄県立向陽高等学校
沖縄,沖縄尚学高等学校
沖縄,興南高等学校
沖縄,つくば開成国際高等学校
沖縄,沖縄カトリック高等学校
沖縄,瑞穂ＭＳＣ高等学校
沖縄,昭和薬科大学附属高等学校
沖縄,ヒューマンキャンパス高等学校
沖縄,エナジックスポーツ高等学院
沖縄,仙台育英学園沖縄高等学校
沖縄,Ｎ高等学校
沖縄,八洲学園大学国際高等学校
